game_family,year,tournament_count,reconciled_count,source_pool_cents,reconciled_pool_cents,country_money_coverage_pct
Counter-Strike,2012,51,48,23887393,23471986,98.2609780816182
Counter-Strike,2013,198,192,120900243,116041540,95.98122974823136
Counter-Strike,2014,281,265,204693593,201874120,98.62258854384368
Counter-Strike,2015,722,698,626223040,623275162,99.52926069280363
Counter-Strike,2016,860,833,1723555352,1713757130,99.43151103394328
Counter-Strike,2017,930,845,2034542648,1989961349,97.80878031513252
Counter-Strike,2018,1019,958,2238427310,2213011818,98.86458265200491
Counter-Strike,2019,949,922,2329525406,2281284527,97.92915420129142
Counter-Strike,2020,623,574,1606107453,1549656209,96.48521374491125
Counter-Strike,2021,580,535,2193213174,2005831934,91.45631431447894
Counter-Strike,2022,550,512,1753567318,1723976380,98.31252911158556
Counter-Strike,2023,522,497,2111751847,2088045308,98.8773993954982
Counter-Strike,2024,364,351,2201322805,2160301122,98.13649852230554
Counter-Strike,2025,289,286,1689546151,1676543651,99.23041462985168
Dota 2,2012,101,84,216902263,212618885,98.02520363745583
Dota 2,2013,135,111,496880580,477892993,96.17864175734138
Dota 2,2014,148,139,1639234126,1628975736,99.37419616653345
Dota 2,2015,228,191,3111662098,3099504557,99.60929109212037
Dota 2,2016,150,132,3713734796,3694935193,99.49378175791527
Dota 2,2017,166,137,3809907549,3798488376,99.70027690034114
Dota 2,2018,185,148,4169231420,4137808790,99.24632080029753
Dota 2,2019,233,151,4717035091,4650700489,98.59372252441868
Dota 2,2020,174,126,994563227,933983303,93.90889162645463
Dota 2,2021,109,92,4935865846,4908669880,99.449013266395
Dota 2,2022,114,97,3139975848,3099424879,98.70855793283158
Dota 2,2023,127,121,3083387551,3076442869,99.77477103072081
Dota 2,2024,88,85,2381265956,2372436756,99.62922243196928
Dota 2,2025,19,19,1647346600,1647346600,100.0
League of Legends,2012,394,324,460243490,442961710,96.24507888205002
League of Legends,2013,381,282,657975635,583826268,88.7306819499479
League of Legends,2014,425,260,765935425,665403079,86.87456635133438
League of Legends,2015,315,232,756547400,689127490,91.08847509091962
League of Legends,2016,174,117,1051883814,979410057,93.1100986596225
League of Legends,2017,195,155,1242923469,1198473505,96.4237569642351
League of Legends,2018,194,152,1448513422,1377742818,95.1142597006602
League of Legends,2019,209,145,1053751882,1006616744,95.52692253222472
League of Legends,2020,123,113,873723150,621258148,71.10469122856594
League of Legends,2021,109,98,831814096,810079712,97.38711040068742
League of Legends,2022,104,95,823835995,812313593,98.60137186649631
League of Legends,2023,117,90,779689233,715994172,91.83071173691583
League of Legends,2024,86,76,862989865,840206043,97.35989692068979
League of Legends,2025,10,10,527920210,527920210,100.0
Valorant,2020,373,350,251194910,245333588,97.66662389775334
Valorant,2021,397,372,714854223,689688111,96.47954629205569
Valorant,2022,228,211,711023699,698084227,98.18016304967072
Valorant,2023,231,220,890127527,880447295,98.91248931120855
Valorant,2024,97,92,715968976,706246632,98.64207188776291
Valorant,2025,5,5,177942068,177942068,100.0
