game_slug,tournament_id,start_date,end_date,reason,source_url
cs2,73703,2026-01-04,2026-01-05,start_date_outside_scope,https://www.esportsearnings.com/tournaments/73703-urban-riga-open-2
cs2,73812,2026-02-13,2026-02-15,start_date_outside_scope,https://www.esportsearnings.com/tournaments/73812-frag-o-matic-27-0
cs2,74021,2026-01-28,2026-02-08,start_date_outside_scope,https://www.esportsearnings.com/tournaments/74021-iem-2026-krakow
cs2,74022,2026-02-14,2026-02-22,start_date_outside_scope,https://www.esportsearnings.com/tournaments/74022-pgl-cluj-napoca-2026
cs2,74023,2026-03-13,2026-03-15,start_date_outside_scope,https://www.esportsearnings.com/tournaments/74023-esl-pro-league-season-23-online-stage
cs2,74024,2026-03-02,2026-03-15,start_date_outside_scope,https://www.esportsearnings.com/tournaments/74024-bc-game-masters-season-1
cs2,74025,2026-03-12,2026-03-15,start_date_outside_scope,https://www.esportsearnings.com/tournaments/74025-roman-imperium-cup-vi
cs2,74026,2026-03-12,2026-03-15,start_date_outside_scope,https://www.esportsearnings.com/tournaments/74026-dfrag-wildcard-lan-season-1
cs2,74029,2026-03-13,2026-03-15,start_date_outside_scope,https://www.esportsearnings.com/tournaments/74029-esl-pro-league-season-23
cs2,74030,2026-03-08,2026-03-20,start_date_outside_scope,https://www.esportsearnings.com/tournaments/74030-cct-season-3-eu-series-18
cs2,74036,2026-03-13,2026-03-25,start_date_outside_scope,https://www.esportsearnings.com/tournaments/74036-cct-season-3-sa-series-10
cs2,74037,2026-03-24,2026-03-26,start_date_outside_scope,https://www.esportsearnings.com/tournaments/74037-void-spring-cup-2026-
cs2,74041,2026-03-16,2026-03-27,start_date_outside_scope,https://www.esportsearnings.com/tournaments/74041-esl-challenger-league-season-51-europe-cup-2
cs2,74042,2026-03-20,2026-03-27,start_date_outside_scope,https://www.esportsearnings.com/tournaments/74042-esl-challenger-league-season-51-south-america-cup-2
cs2,74043,2026-03-20,2026-03-27,start_date_outside_scope,https://www.esportsearnings.com/tournaments/74043-esl-challenger-league-season-51-north-america-cup-2
cs2,74044,2026-03-23,2026-03-28,start_date_outside_scope,https://www.esportsearnings.com/tournaments/74044-journey-spring-2026
cs2,74045,2026-02-09,2026-03-29,start_date_outside_scope,https://www.esportsearnings.com/tournaments/74045-acgl-season-3
cs2,74053,2026-03-18,2026-03-29,start_date_outside_scope,https://www.esportsearnings.com/tournaments/74053-blast-open-spring-2026
cs2,74056,2026-03-26,2026-03-30,start_date_outside_scope,https://www.esportsearnings.com/tournaments/74056-ferjee-in-house-2026
cs2,74057,2026-03-17,2026-04-02,start_date_outside_scope,https://www.esportsearnings.com/tournaments/74057-nodwin-clutch-series-6
cs2,74058,2026-03-29,2026-04-02,start_date_outside_scope,https://www.esportsearnings.com/tournaments/74058-draculan-season-6
cs2,74059,2026-03-31,2026-04-02,start_date_outside_scope,https://www.esportsearnings.com/tournaments/74059-parken-challenger-championship-3
cs2,74061,2026-04-13,2026-04-19,start_date_outside_scope,https://www.esportsearnings.com/tournaments/74061-intel-extreme-masters-rio-2026
cs2,74068,2026-03-22,2026-04-03,start_date_outside_scope,https://www.esportsearnings.com/tournaments/74068-cct-season-3-eu-series-19
cs2,74069,2026-04-02,2026-04-03,start_date_outside_scope,https://www.esportsearnings.com/tournaments/74069-the-gathering-2026
cs2,74070,2026-03-27,2026-04-04,start_date_outside_scope,https://www.esportsearnings.com/tournaments/74070-eclipse-masters-league-season-1
cs2,74071,2026-04-01,2026-04-04,start_date_outside_scope,https://www.esportsearnings.com/tournaments/74071-stake-ranked-episode-1
cs2,74072,2026-04-02,2026-04-04,start_date_outside_scope,https://www.esportsearnings.com/tournaments/74072-poli-e-fest-editia-a-iv-a
cs2,74073,2026-04-02,2026-04-04,start_date_outside_scope,https://www.esportsearnings.com/tournaments/74073-mesa-pro-series-spring-2026
cs2,74082,2026-02-28,2026-04-05,start_date_outside_scope,https://www.esportsearnings.com/tournaments/74082-miss-cs-sawasdee-series-1
cs2,74083,2026-03-30,2026-04-05,start_date_outside_scope,https://www.esportsearnings.com/tournaments/74083-yuqilin-pinnacle-of-battle-season-3-pob
cs2,74084,2026-04-01,2026-04-05,start_date_outside_scope,https://www.esportsearnings.com/tournaments/74084-gangkui-cup-season-2
cs2,74090,2026-04-01,2026-04-05,start_date_outside_scope,https://www.esportsearnings.com/tournaments/74090-circuit-x-mayhem-sao-paulo
cs2,74091,2026-04-02,2026-04-05,start_date_outside_scope,https://www.esportsearnings.com/tournaments/74091-cis-lan-championship-4
cs2,74092,2026-04-03,2026-04-05,start_date_outside_scope,https://www.esportsearnings.com/tournaments/74092-urban-riga-open-4
cs2,74093,2026-04-03,2026-04-05,start_date_outside_scope,https://www.esportsearnings.com/tournaments/74093-hlc-cyprus-pro
cs2,74094,2026-04-03,2026-04-05,start_date_outside_scope,https://www.esportsearnings.com/tournaments/74094-fireconter-2026-season-3
cs2,74095,2026-04-04,2026-04-05,start_date_outside_scope,https://www.esportsearnings.com/tournaments/74095-gamers-assembly-2026
cs2,74096,2026-04-06,2026-04-07,start_date_outside_scope,https://www.esportsearnings.com/tournaments/74096-gluck-sixseven-season-1
cs2,74103,2026-03-26,2026-04-09,start_date_outside_scope,https://www.esportsearnings.com/tournaments/74103-betboom-storm-2
cs2,74104,2026-03-29,2026-04-09,start_date_outside_scope,https://www.esportsearnings.com/tournaments/74104-esl-challenger-league-season-51-europe-cup-3
cs2,74110,2026-04-22,2026-04-26,start_date_outside_scope,https://www.esportsearnings.com/tournaments/74110-betboom-rush-b-summit-2026-part-three
cs2,74175,2026-05-09,2026-05-17,start_date_outside_scope,https://www.esportsearnings.com/tournaments/74175-pgl-astana-2026
cs2,74243,2026-05-25,2026-06-06,start_date_outside_scope,https://www.esportsearnings.com/tournaments/74243-cct-europe-2026-series-3
cs2,74269,2026-05-18,2026-06-07,start_date_outside_scope,https://www.esportsearnings.com/tournaments/74269-exort-series-27
cs2,74270,2026-06-06,2026-06-07,start_date_outside_scope,https://www.esportsearnings.com/tournaments/74270-vodafone-talent-league-spring-2026
cs2,74271,2026-06-06,2026-06-07,start_date_outside_scope,https://www.esportsearnings.com/tournaments/74271-esports-kings-2026
cs2,74286,2026-05-10,2026-06-08,start_date_outside_scope,https://www.esportsearnings.com/tournaments/74286-perfect-world-national-league-spring-2026
cs2,74300,2026-01-22,2026-01-22,start_date_outside_scope,https://www.esportsearnings.com/tournaments/74300-blast-bounty-winter-2026
cs2,74301,2026-06-12,2026-06-14,start_date_outside_scope,https://www.esportsearnings.com/tournaments/74301-glitched-duo-championship
cs2,74322,2026-05-29,2026-06-14,start_date_outside_scope,https://www.esportsearnings.com/tournaments/74322-komplettligaen-spring-2026
cs2,74323,2026-06-12,2026-06-14,start_date_outside_scope,https://www.esportsearnings.com/tournaments/74323-journey-summer-2026
cs2,74324,2026-04-27,2026-06-17,start_date_outside_scope,https://www.esportsearnings.com/tournaments/74324-ukic-league-season-10-challengers-division
cs2,74325,2026-06-03,2026-06-17,start_date_outside_scope,https://www.esportsearnings.com/tournaments/74325-nodwin-clutch-series-9
cs2,74333,2026-05-28,2026-06-14,start_date_outside_scope,https://www.esportsearnings.com/tournaments/74333-united21-season-50
cs2,74347,2026-06-02,2026-06-21,start_date_outside_scope,https://www.esportsearnings.com/tournaments/74347-iem-cologne-major-2026
cs2,74396,2026-07-01,2026-07-12,start_date_outside_scope,https://www.esportsearnings.com/tournaments/74396-xse-pro-league-2026
cs2,74421,2026-07-15,2026-07-19,start_date_outside_scope,https://www.esportsearnings.com/tournaments/74421-betboom-rush-b-summit-2026-part-four
cs2,74434,2026-07-14,2026-07-26,start_date_outside_scope,https://www.esportsearnings.com/tournaments/74434-cct-south-america-2026-series-4
cs2,74548,2026-08-12,2026-08-23,start_date_outside_scope,https://www.esportsearnings.com/tournaments/74548-esports-world-cup-2026-counter-strike-2
cs2,74623,2026-08-25,2026-09-01,start_date_outside_scope,https://www.esportsearnings.com/tournaments/74623-esl-challenger-league-season-52-south-america-cup-1
cs2,74662,2026-08-26,2026-09-06,start_date_outside_scope,https://www.esportsearnings.com/tournaments/74662-blast-open-fall-2026
cs2,74663,2026-09-04,2026-09-06,start_date_outside_scope,https://www.esportsearnings.com/tournaments/74663-frag-o-matic-27-1
cs2,74711,2026-09-08,2026-09-13,start_date_outside_scope,https://www.esportsearnings.com/tournaments/74711-fissure-playground-3
cs2,74770,2026-09-16,2026-09-20,start_date_outside_scope,https://www.esportsearnings.com/tournaments/74770-circuit-x-curitiba-3
cs2,74834,2026-09-24,2026-09-27,start_date_outside_scope,https://www.esportsearnings.com/tournaments/74834-leon-bet-masters-season-1
dota2,1422,2011-10-21,2011-10-25,start_date_outside_scope,https://www.esportsearnings.com/tournaments/1422-eswc-2011-dota-2
dota2,2279,2011-11-24,2011-11-27,start_date_outside_scope,https://www.esportsearnings.com/tournaments/2279-dreamhack-winter-2011-dota-2
dota2,2316,2011-08-17,2011-08-21,start_date_outside_scope,https://www.esportsearnings.com/tournaments/2316-the-international-2011
dota2,2519,2011-12-08,2011-12-11,start_date_outside_scope,https://www.esportsearnings.com/tournaments/2519-dota-2-star-championship
dota2,2520,2011-11-15,2012-03-04,start_date_outside_scope,https://www.esportsearnings.com/tournaments/2520-the-defense
dota2,2654,2011-11-12,2011-11-13,start_date_outside_scope,https://www.esportsearnings.com/tournaments/2654-wcg-asian-championships-2011-dota-2
dota2,28750,2011-12-17,2011-12-18,start_date_outside_scope,https://www.esportsearnings.com/tournaments/28750-malaysia-invitational
dota2,59888,2011-12-20,2011-12-21,start_date_outside_scope,https://www.esportsearnings.com/tournaments/59888-benq-dota-2-clash-2
dota2,71460,2007-10-01,2008-03-10,start_date_outside_scope,https://www.esportsearnings.com/tournaments/71460-ems-season-i-dota
lol,10049,2011-03-20,2011-03-20,start_date_outside_scope,https://www.esportsearnings.com/tournaments/10049-go4lol-na-3
lol,10050,2011-03-27,2011-03-27,start_date_outside_scope,https://www.esportsearnings.com/tournaments/10050-go4lol-na-4
lol,10051,2011-04-03,2011-04-03,start_date_outside_scope,https://www.esportsearnings.com/tournaments/10051-go4lol-na-5
lol,10052,2011-04-10,2011-04-10,start_date_outside_scope,https://www.esportsearnings.com/tournaments/10052-go4lol-na-6
lol,10053,2011-04-17,2011-04-17,start_date_outside_scope,https://www.esportsearnings.com/tournaments/10053-go4lol-na-7
lol,10054,2011-04-24,2011-04-24,start_date_outside_scope,https://www.esportsearnings.com/tournaments/10054-go4lol-na-8
lol,10055,2011-05-01,2011-05-01,start_date_outside_scope,https://www.esportsearnings.com/tournaments/10055-go4lol-na-9
lol,10056,2011-05-08,2011-05-08,start_date_outside_scope,https://www.esportsearnings.com/tournaments/10056-go4lol-na-10
lol,10057,2011-05-15,2011-05-15,start_date_outside_scope,https://www.esportsearnings.com/tournaments/10057-go4lol-na-11
lol,10058,2011-05-22,2011-05-22,start_date_outside_scope,https://www.esportsearnings.com/tournaments/10058-go4lol-na-12
lol,10059,2011-05-29,2011-05-29,start_date_outside_scope,https://www.esportsearnings.com/tournaments/10059-go4lol-na-13
lol,10060,2011-06-05,2011-06-05,start_date_outside_scope,https://www.esportsearnings.com/tournaments/10060-go4lol-na-14
lol,10061,2011-06-12,2011-06-12,start_date_outside_scope,https://www.esportsearnings.com/tournaments/10061-go4lol-na-15
lol,10062,2011-06-19,2011-06-19,start_date_outside_scope,https://www.esportsearnings.com/tournaments/10062-go4lol-na-16
lol,10063,2011-06-26,2011-06-26,start_date_outside_scope,https://www.esportsearnings.com/tournaments/10063-go4lol-na-17
lol,10064,2011-07-10,2011-07-10,start_date_outside_scope,https://www.esportsearnings.com/tournaments/10064-go4lol-na-19
lol,10065,2011-07-17,2011-07-17,start_date_outside_scope,https://www.esportsearnings.com/tournaments/10065-go4lol-na-20
lol,10438,2011-07-24,2011-07-24,start_date_outside_scope,https://www.esportsearnings.com/tournaments/10438-go4lol-na-21
lol,10439,2011-07-31,2011-07-31,start_date_outside_scope,https://www.esportsearnings.com/tournaments/10439-go4lol-na-22
lol,10440,2011-08-07,2011-08-07,start_date_outside_scope,https://www.esportsearnings.com/tournaments/10440-go4lol-na-23
lol,10441,2011-08-14,2011-08-14,start_date_outside_scope,https://www.esportsearnings.com/tournaments/10441-go4lol-na-24
lol,10442,2011-08-21,2011-08-21,start_date_outside_scope,https://www.esportsearnings.com/tournaments/10442-go4lol-na-25
lol,10443,2011-08-28,2011-08-28,start_date_outside_scope,https://www.esportsearnings.com/tournaments/10443-go4lol-na-26
lol,10750,2011-09-04,2011-09-04,start_date_outside_scope,https://www.esportsearnings.com/tournaments/10750-go4lol-na-27
lol,10751,2011-09-11,2011-09-11,start_date_outside_scope,https://www.esportsearnings.com/tournaments/10751-go4lol-na-28
lol,10752,2011-09-18,2011-09-18,start_date_outside_scope,https://www.esportsearnings.com/tournaments/10752-go4lol-na-29
lol,11301,2011-09-25,2011-09-25,start_date_outside_scope,https://www.esportsearnings.com/tournaments/11301-go4lol-na-30
lol,11302,2011-10-02,2011-10-02,start_date_outside_scope,https://www.esportsearnings.com/tournaments/11302-go4lol-na-31
lol,11303,2011-10-09,2011-10-09,start_date_outside_scope,https://www.esportsearnings.com/tournaments/11303-go4lol-na-32
lol,11304,2011-10-16,2011-10-16,start_date_outside_scope,https://www.esportsearnings.com/tournaments/11304-go4lol-na-33
lol,11305,2011-10-23,2011-10-23,start_date_outside_scope,https://www.esportsearnings.com/tournaments/11305-go4lol-na-34
lol,11306,2011-11-06,2011-11-06,start_date_outside_scope,https://www.esportsearnings.com/tournaments/11306-go4lol-na-35
lol,11307,2011-11-13,2011-11-13,start_date_outside_scope,https://www.esportsearnings.com/tournaments/11307-go4lol-na-36
lol,11308,2011-11-20,2011-11-20,start_date_outside_scope,https://www.esportsearnings.com/tournaments/11308-go4lol-na-37
lol,11309,2011-11-27,2011-11-27,start_date_outside_scope,https://www.esportsearnings.com/tournaments/11309-go4lol-na-38
lol,1275,2011-03-04,2011-03-04,start_date_outside_scope,https://www.esportsearnings.com/tournaments/1275-iem-v-world-championships-lol
lol,1328,2011-12-08,2011-12-11,start_date_outside_scope,https://www.esportsearnings.com/tournaments/1328-wcg-2011-lol
lol,1337,2010-09-30,2010-10-03,start_date_outside_scope,https://www.esportsearnings.com/tournaments/1337-wcg-2010-lol
lol,1494,2011-08-17,2011-08-21,start_date_outside_scope,https://www.esportsearnings.com/tournaments/1494-iem-vi-cologne-lol
lol,1496,2011-10-01,2011-10-05,start_date_outside_scope,https://www.esportsearnings.com/tournaments/1496-iem-vi-guangzhou-lol
lol,14961,2011-12-04,2011-12-04,start_date_outside_scope,https://www.esportsearnings.com/tournaments/14961-go4lol-na-39
lol,14962,2011-12-18,2011-12-18,start_date_outside_scope,https://www.esportsearnings.com/tournaments/14962-go4lol-na-41
lol,14963,2011-12-11,2011-12-11,start_date_outside_scope,https://www.esportsearnings.com/tournaments/14963-go4lol-na-40
lol,1498,2011-10-13,2011-10-16,start_date_outside_scope,https://www.esportsearnings.com/tournaments/1498-iem-vi-new-york-lol
lol,1557,2011-11-18,2011-11-20,start_date_outside_scope,https://www.esportsearnings.com/tournaments/1557-mlg-providence-2011-lol
lol,1598,2011-10-06,2011-10-09,start_date_outside_scope,https://www.esportsearnings.com/tournaments/1598-ign-pro-league-season-3-lol
lol,22419,2011-11-24,2011-12-02,start_date_outside_scope,https://www.esportsearnings.com/tournaments/22419-inven-allstar-tournament-2011
lol,2561,2011-03-31,2011-07-16,start_date_outside_scope,https://www.esportsearnings.com/tournaments/2561-national-esl-premier-league-season-1
lol,2564,2011-09-03,2011-09-24,start_date_outside_scope,https://www.esportsearnings.com/tournaments/2564-sound-blaster-nations-championship
lol,2670,2011-08-26,2011-08-27,start_date_outside_scope,https://www.esportsearnings.com/tournaments/2670-mlg-raleigh-2011-lol
lol,2673,2011-06-18,2011-06-20,start_date_outside_scope,https://www.esportsearnings.com/tournaments/2673-dreamhack-summer-2011-lol-world-championship
lol,30186,2011-09-24,2011-09-25,start_date_outside_scope,https://www.esportsearnings.com/tournaments/30186-dawn-of-champions-cup-2011
lol,30197,2011-09-17,2011-11-13,start_date_outside_scope,https://www.esportsearnings.com/tournaments/30197-rampage-king-of-the-hill-series
lol,34812,2011-07-02,2011-07-03,start_date_outside_scope,https://www.esportsearnings.com/tournaments/34812-lille-arena
lol,34813,2011-10-17,2011-10-26,start_date_outside_scope,https://www.esportsearnings.com/tournaments/34813-178-com-lol-pro-league
lol,34814,2011-09-24,2011-11-14,start_date_outside_scope,https://www.esportsearnings.com/tournaments/34814-mobafire-take-your-best-shot
lol,34815,2011-11-26,2011-12-08,start_date_outside_scope,https://www.esportsearnings.com/tournaments/34815-alienware-arena-europe-fall
lol,36673,2011-12-11,2012-02-12,start_date_outside_scope,https://www.esportsearnings.com/tournaments/36673-mobafire-king-of-the-union
lol,4563,2011-10-07,2011-10-09,start_date_outside_scope,https://www.esportsearnings.com/tournaments/4563-wcg-sec-2011-lol
lol,4753,2011-06-04,2011-06-05,start_date_outside_scope,https://www.esportsearnings.com/tournaments/4753-eps-germany-summer-2011-lol
lol,4763,2011-12-03,2011-12-04,start_date_outside_scope,https://www.esportsearnings.com/tournaments/4763-eps-germany-winter-2011-lol
lol,4912,2011-12-16,2011-12-18,start_date_outside_scope,https://www.esportsearnings.com/tournaments/4912-pxl-lan-32-lol
lol,4920,2011-10-28,2011-10-30,start_date_outside_scope,https://www.esportsearnings.com/tournaments/4920-azerty-party-14-lol
lol,5641,2010-10-22,2010-12-16,start_date_outside_scope,https://www.esportsearnings.com/tournaments/5641-ems-season-vii-lol
lol,5650,2010-09-05,2010-09-05,start_date_outside_scope,https://www.esportsearnings.com/tournaments/5650-go4lol-eu-1
lol,5651,2010-09-12,2010-09-12,start_date_outside_scope,https://www.esportsearnings.com/tournaments/5651-go4lol-eu-2
lol,5652,2010-09-19,2010-09-19,start_date_outside_scope,https://www.esportsearnings.com/tournaments/5652-go4lol-eu-3
lol,5653,2010-09-26,2010-09-26,start_date_outside_scope,https://www.esportsearnings.com/tournaments/5653-go4lol-eu-4
lol,5654,2010-10-03,2010-10-03,start_date_outside_scope,https://www.esportsearnings.com/tournaments/5654-go4lol-eu-5
lol,5655,2010-10-10,2010-10-10,start_date_outside_scope,https://www.esportsearnings.com/tournaments/5655-go4lol-eu-6
lol,5656,2010-10-17,2010-10-17,start_date_outside_scope,https://www.esportsearnings.com/tournaments/5656-go4lol-eu-7
lol,5657,2010-10-24,2010-10-24,start_date_outside_scope,https://www.esportsearnings.com/tournaments/5657-go4lol-eu-8
lol,5658,2010-10-31,2010-10-31,start_date_outside_scope,https://www.esportsearnings.com/tournaments/5658-go4lol-eu-9
lol,5659,2010-11-07,2010-11-07,start_date_outside_scope,https://www.esportsearnings.com/tournaments/5659-go4lol-eu-10
lol,5660,2010-11-14,2010-11-14,start_date_outside_scope,https://www.esportsearnings.com/tournaments/5660-go4lol-eu-11
lol,5661,2010-11-21,2010-11-21,start_date_outside_scope,https://www.esportsearnings.com/tournaments/5661-go4lol-eu-12
lol,5662,2010-11-28,2010-11-28,start_date_outside_scope,https://www.esportsearnings.com/tournaments/5662-go4lol-eu-13
lol,5663,2010-12-05,2010-12-05,start_date_outside_scope,https://www.esportsearnings.com/tournaments/5663-go4lol-eu-14
lol,5664,2010-12-12,2010-12-12,start_date_outside_scope,https://www.esportsearnings.com/tournaments/5664-go4lol-eu-15
lol,5665,2010-12-19,2010-12-19,start_date_outside_scope,https://www.esportsearnings.com/tournaments/5665-go4lol-eu-16
lol,5666,2010-12-28,2010-12-28,start_date_outside_scope,https://www.esportsearnings.com/tournaments/5666-go4lol-eu-17
lol,5667,2010-10-06,2010-10-06,start_date_outside_scope,https://www.esportsearnings.com/tournaments/5667-go4lol-eu-september-2010
lol,5668,2010-11-03,2010-11-03,start_date_outside_scope,https://www.esportsearnings.com/tournaments/5668-go4lol-eu-october-2010
lol,5669,2010-12-10,2010-12-10,start_date_outside_scope,https://www.esportsearnings.com/tournaments/5669-go4lol-eu-november-2010
lol,5670,2011-01-06,2011-01-06,start_date_outside_scope,https://www.esportsearnings.com/tournaments/5670-go4lol-eu-december-2010
lol,5671,2011-02-10,2011-02-10,start_date_outside_scope,https://www.esportsearnings.com/tournaments/5671-go4lol-eu-january-2011
lol,5672,2011-03-17,2011-03-17,start_date_outside_scope,https://www.esportsearnings.com/tournaments/5672-go4lol-eu-february-2011
lol,5673,2011-04-21,2011-04-21,start_date_outside_scope,https://www.esportsearnings.com/tournaments/5673-go4lol-eu-march-2011
lol,5674,2011-05-23,2011-05-23,start_date_outside_scope,https://www.esportsearnings.com/tournaments/5674-go4lol-eu-april-2011
lol,5675,2011-01-02,2011-01-02,start_date_outside_scope,https://www.esportsearnings.com/tournaments/5675-go4lol-eu-18
lol,5676,2011-01-09,2011-01-09,start_date_outside_scope,https://www.esportsearnings.com/tournaments/5676-go4lol-eu-19
lol,5677,2011-01-16,2011-01-16,start_date_outside_scope,https://www.esportsearnings.com/tournaments/5677-go4lol-eu-20
lol,5678,2011-01-23,2011-01-23,start_date_outside_scope,https://www.esportsearnings.com/tournaments/5678-go4lol-eu-21
lol,5679,2011-01-30,2011-01-30,start_date_outside_scope,https://www.esportsearnings.com/tournaments/5679-go4lol-eu-22
lol,5680,2011-02-06,2011-02-06,start_date_outside_scope,https://www.esportsearnings.com/tournaments/5680-go4lol-eu-23
lol,5681,2011-02-13,2011-02-13,start_date_outside_scope,https://www.esportsearnings.com/tournaments/5681-go4lol-eu-24
lol,5682,2011-02-20,2011-02-20,start_date_outside_scope,https://www.esportsearnings.com/tournaments/5682-go4lol-eu-25
lol,5683,2011-02-27,2011-02-27,start_date_outside_scope,https://www.esportsearnings.com/tournaments/5683-go4lol-eu-26
lol,5684,2011-03-06,2011-03-06,start_date_outside_scope,https://www.esportsearnings.com/tournaments/5684-go4lol-eu-27
lol,5685,2011-03-13,2011-03-13,start_date_outside_scope,https://www.esportsearnings.com/tournaments/5685-go4lol-eu-28
lol,5686,2011-03-20,2011-03-20,start_date_outside_scope,https://www.esportsearnings.com/tournaments/5686-go4lol-eu-29
lol,5687,2011-03-27,2011-03-27,start_date_outside_scope,https://www.esportsearnings.com/tournaments/5687-go4lol-eu-30
lol,5688,2011-04-03,2011-04-03,start_date_outside_scope,https://www.esportsearnings.com/tournaments/5688-go4lol-eu-31
lol,5689,2011-04-10,2011-04-10,start_date_outside_scope,https://www.esportsearnings.com/tournaments/5689-go4lol-eu-32
lol,5690,2011-04-17,2011-04-17,start_date_outside_scope,https://www.esportsearnings.com/tournaments/5690-go4lol-eu-33
lol,5691,2011-04-24,2011-04-24,start_date_outside_scope,https://www.esportsearnings.com/tournaments/5691-go4lol-eu-34
lol,5692,2011-05-01,2011-05-01,start_date_outside_scope,https://www.esportsearnings.com/tournaments/5692-go4lol-eu-35
lol,5693,2011-05-08,2011-05-08,start_date_outside_scope,https://www.esportsearnings.com/tournaments/5693-go4lol-eu-36
lol,5694,2011-05-15,2011-05-15,start_date_outside_scope,https://www.esportsearnings.com/tournaments/5694-go4lol-eu-37
lol,5695,2011-05-22,2011-05-22,start_date_outside_scope,https://www.esportsearnings.com/tournaments/5695-go4lol-eu-38
lol,5696,2011-05-29,2011-05-29,start_date_outside_scope,https://www.esportsearnings.com/tournaments/5696-go4lol-eu-39
lol,5697,2011-06-07,2011-06-07,start_date_outside_scope,https://www.esportsearnings.com/tournaments/5697-go4lol-eu-40
lol,5698,2011-06-14,2011-06-14,start_date_outside_scope,https://www.esportsearnings.com/tournaments/5698-go4lol-eu-41
lol,5699,2011-06-21,2011-06-21,start_date_outside_scope,https://www.esportsearnings.com/tournaments/5699-go4lol-eu-42
lol,5700,2011-06-26,2011-06-26,start_date_outside_scope,https://www.esportsearnings.com/tournaments/5700-go4lol-eu-43
lol,5701,2011-06-23,2011-06-23,start_date_outside_scope,https://www.esportsearnings.com/tournaments/5701-go4lol-eu-may-2011
lol,5702,2011-03-05,2011-03-05,start_date_outside_scope,https://www.esportsearnings.com/tournaments/5702-go4lol-na-1
lol,5703,2011-03-13,2011-03-13,start_date_outside_scope,https://www.esportsearnings.com/tournaments/5703-go4lol-na-2
lol,5704,2011-11-24,2011-11-24,start_date_outside_scope,https://www.esportsearnings.com/tournaments/5704-go4lol-eu-june-2011
lol,5705,2011-11-02,2011-11-02,start_date_outside_scope,https://www.esportsearnings.com/tournaments/5705-go4lol-euw-july-2011
lol,5706,2011-09-27,2011-09-27,start_date_outside_scope,https://www.esportsearnings.com/tournaments/5706-go4lol-euw-august-2011
lol,5707,2011-12-01,2011-12-01,start_date_outside_scope,https://www.esportsearnings.com/tournaments/5707-go4lol-euw-october-2011
lol,5708,2011-12-22,2011-12-22,start_date_outside_scope,https://www.esportsearnings.com/tournaments/5708-go4lol-euw-november-2011
lol,5722,2011-08-11,2011-08-11,start_date_outside_scope,https://www.esportsearnings.com/tournaments/5722-go4lol-eune-july-2011
lol,5723,2011-09-29,2011-09-29,start_date_outside_scope,https://www.esportsearnings.com/tournaments/5723-go4lol-eune-august-2011
lol,5724,2011-11-24,2011-11-24,start_date_outside_scope,https://www.esportsearnings.com/tournaments/5724-go4lol-eune-october-2011
lol,5725,2011-12-15,2011-12-15,start_date_outside_scope,https://www.esportsearnings.com/tournaments/5725-go4lol-eune-november-2011
lol,5739,2011-07-23,2011-07-23,start_date_outside_scope,https://www.esportsearnings.com/tournaments/5739-go4lol-euw-45
lol,5740,2011-07-28,2011-07-28,start_date_outside_scope,https://www.esportsearnings.com/tournaments/5740-go4lol-euw-46
lol,5741,2011-07-30,2011-07-30,start_date_outside_scope,https://www.esportsearnings.com/tournaments/5741-go4lol-euw-47
lol,5742,2011-07-31,2011-07-31,start_date_outside_scope,https://www.esportsearnings.com/tournaments/5742-go4lol-euw-48
lol,5743,2011-08-08,2011-08-08,start_date_outside_scope,https://www.esportsearnings.com/tournaments/5743-go4lol-euw-49
lol,5744,2011-08-14,2011-08-14,start_date_outside_scope,https://www.esportsearnings.com/tournaments/5744-go4lol-euw-50
lol,5745,2011-08-21,2011-08-21,start_date_outside_scope,https://www.esportsearnings.com/tournaments/5745-go4lol-euw-51
lol,5746,2011-08-28,2011-08-28,start_date_outside_scope,https://www.esportsearnings.com/tournaments/5746-go4lol-euw-52
lol,5747,2011-09-04,2011-09-04,start_date_outside_scope,https://www.esportsearnings.com/tournaments/5747-go4lol-euw-53
lol,5748,2011-09-11,2011-09-11,start_date_outside_scope,https://www.esportsearnings.com/tournaments/5748-go4lol-euw-54
lol,5749,2011-09-25,2011-09-25,start_date_outside_scope,https://www.esportsearnings.com/tournaments/5749-go4lol-euw-56
lol,5750,2011-10-02,2011-10-02,start_date_outside_scope,https://www.esportsearnings.com/tournaments/5750-go4lol-euw-57
lol,5751,2011-10-09,2011-10-09,start_date_outside_scope,https://www.esportsearnings.com/tournaments/5751-go4lol-euw-58
lol,5752,2011-10-16,2011-10-16,start_date_outside_scope,https://www.esportsearnings.com/tournaments/5752-go4lol-euw-59
lol,5753,2011-10-23,2011-10-23,start_date_outside_scope,https://www.esportsearnings.com/tournaments/5753-go4lol-euw-60
lol,5754,2011-10-30,2011-10-30,start_date_outside_scope,https://www.esportsearnings.com/tournaments/5754-go4lol-euw-61
lol,5755,2011-11-06,2011-11-06,start_date_outside_scope,https://www.esportsearnings.com/tournaments/5755-go4lol-euw-62
lol,5756,2011-11-13,2011-11-13,start_date_outside_scope,https://www.esportsearnings.com/tournaments/5756-go4lol-euw-63
lol,5757,2011-11-20,2011-11-20,start_date_outside_scope,https://www.esportsearnings.com/tournaments/5757-go4lol-euw-64
lol,5758,2011-11-27,2011-11-27,start_date_outside_scope,https://www.esportsearnings.com/tournaments/5758-go4lol-euw-65
lol,5759,2011-12-04,2011-12-04,start_date_outside_scope,https://www.esportsearnings.com/tournaments/5759-go4lol-euw-66
lol,5760,2011-12-11,2011-12-11,start_date_outside_scope,https://www.esportsearnings.com/tournaments/5760-go4lol-euw-67
lol,5761,2011-12-18,2011-12-18,start_date_outside_scope,https://www.esportsearnings.com/tournaments/5761-go4lol-euw-68
lol,5762,2011-12-28,2011-12-28,start_date_outside_scope,https://www.esportsearnings.com/tournaments/5762-go4lol-euw-69
lol,5767,2011-04-16,2011-08-20,start_date_outside_scope,https://www.esportsearnings.com/tournaments/5767-ems-season-viii-lol
lol,5779,2011-07-16,2011-07-17,start_date_outside_scope,https://www.esportsearnings.com/tournaments/5779-tga-grand-prix-2011
lol,5780,2011-08-05,2011-08-07,start_date_outside_scope,https://www.esportsearnings.com/tournaments/5780-wcg-china-finals-2011-lol
lol,5781,2011-10-28,2011-10-30,start_date_outside_scope,https://www.esportsearnings.com/tournaments/5781-wcg-china-challenge-2011-lol
lol,5782,2011-12-10,2012-05-24,start_date_outside_scope,https://www.esportsearnings.com/tournaments/5782-ems-season-ix-lol
lol,5982,2010-11-17,2010-11-30,start_date_outside_scope,https://www.esportsearnings.com/tournaments/5982-newegg-winter-wanfest-2010
lol,6024,2011-09-01,2011-12-18,start_date_outside_scope,https://www.esportsearnings.com/tournaments/6024-national-esl-premier-league-season-ii
lol,6261,2011-10-21,2011-10-25,start_date_outside_scope,https://www.esportsearnings.com/tournaments/6261-asus-rog-paris-games-week-2011-lol
lol,6375,2011-04-02,2011-04-02,start_date_outside_scope,https://www.esportsearnings.com/tournaments/6375-go4lol-na-march-2011
lol,6376,2011-04-30,2011-04-30,start_date_outside_scope,https://www.esportsearnings.com/tournaments/6376-go4lol-na-april-2011
lol,6377,2011-05-01,2011-05-01,start_date_outside_scope,https://www.esportsearnings.com/tournaments/6377-go4lol-na-may-2011
lol,6397,2011-07-03,2011-07-03,start_date_outside_scope,https://www.esportsearnings.com/tournaments/6397-go4lol-na-june-2011
lol,6410,2011-09-09,2011-09-09,start_date_outside_scope,https://www.esportsearnings.com/tournaments/6410-go4lol-na-august-2011
lol,6411,2011-08-06,2011-08-06,start_date_outside_scope,https://www.esportsearnings.com/tournaments/6411-go4lol-na-july-2011
lol,6412,2011-10-29,2011-10-29,start_date_outside_scope,https://www.esportsearnings.com/tournaments/6412-go4lol-na-october-2011
lol,6413,2011-10-30,2011-10-30,start_date_outside_scope,https://www.esportsearnings.com/tournaments/6413-go4lol-na-september-2011
lol,6414,2011-12-10,2011-12-10,start_date_outside_scope,https://www.esportsearnings.com/tournaments/6414-go4lol-na-november-2011
lol,7175,2011-07-24,2011-07-24,start_date_outside_scope,https://www.esportsearnings.com/tournaments/7175-go4lol-eune-45
lol,7176,2011-07-27,2011-07-27,start_date_outside_scope,https://www.esportsearnings.com/tournaments/7176-go4lol-eune-46
lol,7177,2011-07-30,2011-07-30,start_date_outside_scope,https://www.esportsearnings.com/tournaments/7177-go4lol-eune-47
lol,7178,2011-07-31,2011-07-31,start_date_outside_scope,https://www.esportsearnings.com/tournaments/7178-go4lol-eune-48
lol,7179,2011-08-07,2011-08-07,start_date_outside_scope,https://www.esportsearnings.com/tournaments/7179-go4lol-eune-49
lol,7180,2011-08-14,2011-08-14,start_date_outside_scope,https://www.esportsearnings.com/tournaments/7180-go4lol-eune-50
lol,7181,2011-08-21,2011-08-21,start_date_outside_scope,https://www.esportsearnings.com/tournaments/7181-go4lol-eune-51
lol,7182,2011-08-28,2011-08-28,start_date_outside_scope,https://www.esportsearnings.com/tournaments/7182-go4lol-eune-52
lol,7183,2011-09-04,2011-09-04,start_date_outside_scope,https://www.esportsearnings.com/tournaments/7183-go4lol-eune-53
lol,7184,2011-09-11,2011-09-11,start_date_outside_scope,https://www.esportsearnings.com/tournaments/7184-go4lol-eune-54
lol,7192,2011-09-18,2011-09-18,start_date_outside_scope,https://www.esportsearnings.com/tournaments/7192-go4lol-eune-55
lol,7193,2011-09-25,2011-09-25,start_date_outside_scope,https://www.esportsearnings.com/tournaments/7193-go4lol-eune-56
lol,7194,2011-10-02,2011-10-02,start_date_outside_scope,https://www.esportsearnings.com/tournaments/7194-go4lol-eune-57
lol,7195,2011-10-09,2011-10-09,start_date_outside_scope,https://www.esportsearnings.com/tournaments/7195-go4lol-eune-58
lol,7196,2011-10-16,2011-10-16,start_date_outside_scope,https://www.esportsearnings.com/tournaments/7196-go4lol-eune-59
lol,7197,2011-10-23,2011-10-23,start_date_outside_scope,https://www.esportsearnings.com/tournaments/7197-go4lol-eune-60
lol,7198,2011-10-30,2011-10-30,start_date_outside_scope,https://www.esportsearnings.com/tournaments/7198-go4lol-eune-61
lol,7210,2011-11-06,2011-11-06,start_date_outside_scope,https://www.esportsearnings.com/tournaments/7210-go4lol-eune-62
lol,7211,2011-11-13,2011-11-13,start_date_outside_scope,https://www.esportsearnings.com/tournaments/7211-go4lol-eune-63
lol,7212,2011-11-20,2011-11-20,start_date_outside_scope,https://www.esportsearnings.com/tournaments/7212-go4lol-eune-64
lol,7213,2011-11-27,2011-11-27,start_date_outside_scope,https://www.esportsearnings.com/tournaments/7213-go4lol-eune-65
lol,7214,2011-12-04,2011-12-04,start_date_outside_scope,https://www.esportsearnings.com/tournaments/7214-go4lol-eune-66
lol,7215,2011-12-11,2011-12-11,start_date_outside_scope,https://www.esportsearnings.com/tournaments/7215-go4lol-eune-67
lol,7216,2011-12-18,2011-12-18,start_date_outside_scope,https://www.esportsearnings.com/tournaments/7216-go4lol-eune-68
lol,7218,2011-12-28,2011-12-28,start_date_outside_scope,https://www.esportsearnings.com/tournaments/7218-go4lol-eune-69
lol,74289,2026-03-28,2026-06-06,start_date_outside_scope,https://www.esportsearnings.com/tournaments/74289-cblol-2026-split-1
lol,74701,2026-07-01,2026-09-08,start_date_outside_scope,https://www.esportsearnings.com/tournaments/74701-liga-regional-sur-2026-split-2
lol,8186,2011-11-19,2011-11-19,start_date_outside_scope,https://www.esportsearnings.com/tournaments/8186-tencent-games-carnival-2011
lol,8821,2011-12-30,2011-12-30,start_date_outside_scope,https://www.esportsearnings.com/tournaments/8821-4pl-play4fame-december-2011-monthly-final
lol,9262,2011-05-28,2011-05-29,start_date_outside_scope,https://www.esportsearnings.com/tournaments/9262-east-games-united-2011
lol,9299,2011-08-29,2011-09-11,start_date_outside_scope,https://www.esportsearnings.com/tournaments/9299-newegg-summer-wanfest-2011
valorant,73996,2026-01-26,2026-03-29,start_date_outside_scope,https://www.esportsearnings.com/tournaments/73996-valorant-challengers-2026-las-stage-1
valorant,74120,2026-04-09,2026-04-30,start_date_outside_scope,https://www.esportsearnings.com/tournaments/74120-valorant-challengers-2026-las-ace-masters
valorant,74121,2026-03-21,2026-04-30,start_date_outside_scope,https://www.esportsearnings.com/tournaments/74121-vct-2026-game-changers-brazil-stage-1
valorant,74148,2026-03-23,2026-05-07,start_date_outside_scope,https://www.esportsearnings.com/tournaments/74148-valorant-challengers-2026-north-america-stage-2
valorant,74346,2026-06-06,2026-06-21,start_date_outside_scope,https://www.esportsearnings.com/tournaments/74346-valorant-masters-london-2026
valorant,74383,2026-05-25,2026-07-08,start_date_outside_scope,https://www.esportsearnings.com/tournaments/74383-vct-2026-game-changers-brazil-stage-2
valorant,74395,2026-07-02,2026-07-12,start_date_outside_scope,https://www.esportsearnings.com/tournaments/74395-esports-world-cup-2026
valorant,74397,2026-05-18,2026-07-12,start_date_outside_scope,https://www.esportsearnings.com/tournaments/74397-valorant-challengers-2026-las-stage-2
valorant,74552,2026-08-03,2026-08-24,start_date_outside_scope,https://www.esportsearnings.com/tournaments/74552-vct-2026-game-changers-las-main-event
valorant,74661,2026-07-16,2026-09-06,start_date_outside_scope,https://www.esportsearnings.com/tournaments/74661-vct-2026-americas-stage-2
valorant,74700,2026-08-10,2026-09-11,start_date_outside_scope,https://www.esportsearnings.com/tournaments/74700-vct-2026-game-changers-brazil-final-stage
valorant,74723,2026-09-13,2026-09-13,start_date_outside_scope,https://www.esportsearnings.com/tournaments/74723-vct-2026-game-changers-latam-final
