source_site,source_url,source_tournament_id,tournament_name_raw,location_raw,date_raw,start_date,end_date,game_name_raw,source_game_id,game_source_url,prize_pool_raw,prize_pool_usd,currency_raw,source_html_file,parsed_at,game_id,game_slug,crawled_at,placements_status,tournament_id,game_family,game_version,version_evidence,tournament_name,year,quarter,date_validation_status,crawler_status,eligible_for_placement_prize_analysis,quality_note,placements_total_usd,source_start_date,source_end_date,pool_cents,strict_quality,month_start
esportsearnings,https://www.esportsearnings.com/tournaments/49174-the-international-2021,49174,The International 2021,"Bucharest, Romania",2021-10-07 to 2021-10-17,2021-10-07,2021-10-17,Dota 2,231,https://www.esportsearnings.com/games/231-dota-2,"$40,018,400.00",40018400.0,USD - US Dollar,sqlite_pipeline/html/49174.html,2026-10-05T14:07:14.523789+00:00,G003,dota2,2026-10-05T14:07:14.505757+00:00,matched,earnings:49174,Dota 2,Dota 2,https://www.esportsearnings.com/games/231-dota-2,The International 2021,2021,2021Q4,valid,matched,True,,40018400.0,,,4001840000,True,2021-10-01
esportsearnings,https://www.esportsearnings.com/tournaments/37294-the-international-2019,37294,The International 2019: Dota 2 Championships,"Shanghai, China",2019-08-15 to 2019-08-25,2019-08-15,2019-08-25,Dota 2,231,https://www.esportsearnings.com/games/231-dota-2,"$34,330,069.00",34330069.0,USD - US Dollar,sqlite_pipeline/html/37294.html,2026-10-05T14:16:33.564599+00:00,G003,dota2,2026-10-05T14:16:33.545427+00:00,matched,earnings:37294,Dota 2,Dota 2,https://www.esportsearnings.com/games/231-dota-2,The International 2019: Dota 2 Championships,2019,2019Q3,valid,matched,True,,34330069.0,,,3433006900,True,2019-08-01
esportsearnings,https://www.esportsearnings.com/tournaments/29385-the-international-2018,29385,The International 2018: Dota 2 Championships,"Vancouver, Canada",2018-08-15 to 2018-08-25,2018-08-15,2018-08-25,Dota 2,231,https://www.esportsearnings.com/games/231-dota-2,"$25,532,177.00",25532177.0,USD - US Dollar,sqlite_pipeline/html/29385.html,2026-10-05T14:21:08.368045+00:00,G003,dota2,2026-10-05T14:21:08.352417+00:00,matched,earnings:29385,Dota 2,Dota 2,https://www.esportsearnings.com/games/231-dota-2,The International 2018: Dota 2 Championships,2018,2018Q3,valid,matched,True,ambiguous_source_team_id,25532177.0,,,2553217700,False,2018-08-01
esportsearnings,https://www.esportsearnings.com/tournaments/24181-the-international-2017,24181,The International 2017: Dota 2 Championships,"Seattle, USA",2017-08-02 to 2017-08-12,2017-08-02,2017-08-12,Dota 2,231,https://www.esportsearnings.com/games/231-dota-2,"$24,687,919.00",24687919.0,USD - US Dollar,sqlite_pipeline/html/24181.html,2026-10-05T14:26:32.833582+00:00,G003,dota2,2026-10-05T14:26:32.820018+00:00,matched,earnings:24181,Dota 2,Dota 2,https://www.esportsearnings.com/games/231-dota-2,The International 2017: Dota 2 Championships,2017,2017Q3,valid,matched,True,ambiguous_source_team_id,24687919.0,,,2468791900,False,2017-08-01
esportsearnings,https://www.esportsearnings.com/tournaments/19287-the-international-2016,19287,The International 2016: Dota 2 Championships,"Seattle, USA",2016-08-03 to 2016-08-13,2016-08-03,2016-08-13,Dota 2,231,https://www.esportsearnings.com/games/231-dota-2,"$20,770,460.00",20770460.0,USD - US Dollar,sqlite_pipeline/html/19287.html,2026-10-05T14:31:20.177766+00:00,G003,dota2,2026-10-05T14:31:20.161636+00:00,matched,earnings:19287,Dota 2,Dota 2,https://www.esportsearnings.com/games/231-dota-2,The International 2016: Dota 2 Championships,2016,2016Q3,valid,matched,True,,20770460.0,,,2077046000,True,2016-08-01
esportsearnings,https://www.esportsearnings.com/tournaments/56534-the-international-2022,56534,The International 2022,Singapore,2022-10-15 to 2022-10-30,2022-10-15,2022-10-30,Dota 2,231,https://www.esportsearnings.com/games/231-dota-2,"$18,930,256.00",18930256.0,USD - US Dollar,sqlite_pipeline/html/56534.html,2026-10-05T14:04:01.614162+00:00,G003,dota2,2026-10-05T14:04:01.589505+00:00,matched,earnings:56534,Dota 2,Dota 2,https://www.esportsearnings.com/games/231-dota-2,The International 2022,2022,2022Q4,valid,matched,True,,18930256.0,,,1893025600,True,2022-10-01
esportsearnings,https://www.esportsearnings.com/tournaments/12894-the-international-2015,12894,The International 2015: Dota 2 Championships,"Seattle, Washington, USA",2015-08-03 to 2015-08-08,2015-08-03,2015-08-08,Dota 2,231,https://www.esportsearnings.com/games/231-dota-2,"$18,429,613.00",18429613.0,USD - US Dollar,sqlite_pipeline/html/12894.html,2026-10-05T14:34:28.752300+00:00,G003,dota2,2026-10-05T14:34:28.728501+00:00,needs_review,earnings:12894,Dota 2,Dota 2,https://www.esportsearnings.com/games/231-dota-2,The International 2015: Dota 2 Championships,2015,2015Q3,valid,needs_review,False,prize_allocation_pending_review,,,,1842961300,False,2015-08-01
esportsearnings,https://www.esportsearnings.com/tournaments/62667-riyadh-masters-2023,62667,Riyadh Masters 2023,"Riyadh, Saudi Arabia",2023-07-19 to 2023-07-30,2023-07-19,2023-07-30,Dota 2,231,https://www.esportsearnings.com/games/231-dota-2,"$15,120,000.00",15120000.0,USD - US Dollar,sqlite_pipeline/html/62667.html,2026-10-05T14:01:45.498519+00:00,G003,dota2,2026-10-05T14:01:45.477603+00:00,tournament_only,earnings:62667,Dota 2,Dota 2,https://www.esportsearnings.com/games/231-dota-2,Riyadh Masters 2023,2023,2023Q3,valid,tournament_only,False,placements_unavailable_or_unapproved,,,,1512000000,False,2023-07-01
esportsearnings,https://www.esportsearnings.com/tournaments/6418-the-international-2014,6418,The International 2014: Dota 2 Championships,"Seattle, Washington, USA",2014-07-08 to 2014-07-21,2014-07-08,2014-07-21,Dota 2,231,https://www.esportsearnings.com/games/231-dota-2,"$10,931,103.00",10931103.0,USD - US Dollar,sqlite_pipeline/html/6418.html,2026-10-05T14:39:35.223887+00:00,G003,dota2,2026-10-05T14:39:35.205475+00:00,matched,earnings:6418,Dota 2,Dota 2,https://www.esportsearnings.com/games/231-dota-2,The International 2014: Dota 2 Championships,2014,2014Q3,valid,matched,True,,10931103.0,,,1093110300,True,2014-07-01
esportsearnings,https://www.esportsearnings.com/tournaments/30411-lol-2018-world-championship,30411,League of Legends 2018 World Championship,Seoul (Play In); Busan (Groups and Quarterfinals); Gwangju (Semifinals); Incheon (Final),2018-10-01 to 2018-11-03,2018-10-01,2018-11-03,League of Legends,164,https://www.esportsearnings.com/games/164-league-of-legends,"$6,450,000.00",6450000.0,USD - US Dollar,sqlite_pipeline/html/30411.html,2026-10-05T15:16:20.062025+00:00,G004,lol,2026-10-05T15:16:20.045953+00:00,matched,earnings:30411,League of Legends,League of Legends,https://www.esportsearnings.com/games/164-league-of-legends,League of Legends 2018 World Championship,2018,2018Q4,valid,matched,True,,6450000.0,,,645000000,True,2018-10-01
esportsearnings,https://www.esportsearnings.com/tournaments/20345-lol-2016-world-championship,20345,League of Legends 2016 World Championship,San Francisco (Group Stage); Chicago (Quarterfinals); New York (Semifinals); Los Angeles (Final),2016-09-29 to 2016-10-29,2016-09-29,2016-10-29,League of Legends,164,https://www.esportsearnings.com/games/164-league-of-legends,"$5,070,000.00",5070000.0,USD - US Dollar,sqlite_pipeline/html/20345.html,2026-10-05T15:43:04.155685+00:00,G004,lol,2026-10-05T15:43:04.136067+00:00,matched,earnings:20345,League of Legends,League of Legends,https://www.esportsearnings.com/games/164-league-of-legends,League of Legends 2016 World Championship,2016,2016Q3,valid,matched,True,,5070000.0,,,507000000,True,2016-09-01
esportsearnings,https://www.esportsearnings.com/tournaments/69217-riyadh-masters-2024,69217,Riyadh Masters 2024,"Riyadh, Saudi Arabia",2024-07-04 to 2024-07-21,2024-07-04,2024-07-21,Dota 2,231,https://www.esportsearnings.com/games/231-dota-2,"$5,050,000.00",5050000.0,USD - US Dollar,sqlite_pipeline/html/69217.html,2026-10-05T13:59:44.551018+00:00,G003,dota2,2026-10-05T13:59:44.503329+00:00,tournament_only,earnings:69217,Dota 2,Dota 2,https://www.esportsearnings.com/games/231-dota-2,Riyadh Masters 2024,2024,2024Q3,valid,tournament_only,False,placements_unavailable_or_unapproved,,,,505000000,False,2024-07-01
esportsearnings,https://www.esportsearnings.com/tournaments/25365-lol-2017-world-championship,25365,League of Legends 2017 World Championship,Wuhan (Group Stage); Guangzhou (Quarterfinals); Shanghai (Semifinals); Beijing (Final),2017-09-23 to 2017-11-04,2017-09-23,2017-11-04,League of Legends,164,https://www.esportsearnings.com/games/164-league-of-legends,"$4,946,969.00",4946969.0,USD - US Dollar,sqlite_pipeline/html/25365.html,2026-10-05T15:39:05.069275+00:00,G004,lol,2026-10-05T15:39:05.050065+00:00,matched,earnings:25365,League of Legends,League of Legends,https://www.esportsearnings.com/games/164-league-of-legends,League of Legends 2017 World Championship,2017,2017Q3,valid,matched,True,,4946969.0,,,494696900,True,2017-09-01
esportsearnings,https://www.esportsearnings.com/tournaments/43998-lol-2020-world-championship,43998,League of Legends 2020 World Championship,"Shanghai, China",2020-09-25 to 2020-10-31,2020-09-25,2020-10-31,League of Legends,164,https://www.esportsearnings.com/games/164-league-of-legends,"$2,340,000.00",2340000.0,USD - US Dollar,sqlite_pipeline/html/43998.html,2026-10-05T15:06:41.132587+00:00,G004,lol,2026-10-05T15:06:41.114916+00:00,tournament_only,earnings:43998,League of Legends,League of Legends,https://www.esportsearnings.com/games/164-league-of-legends,League of Legends 2020 World Championship,2020,2020Q3,valid,tournament_only,False,placements_unavailable_or_unapproved,,,,234000000,False,2020-09-01
esportsearnings,https://www.esportsearnings.com/tournaments/69660-valorant-champions-2024,69660,VALORANT Champions 2024,South Korea,2024-08-01 to 2024-08-25,2024-08-01,2024-08-25,VALORANT,646,https://www.esportsearnings.com/games/646-valorant,"$2,250,000.00",2250000.0,USD - US Dollar,sqlite_pipeline/html/69660.html,2026-10-05T16:29:59.317032+00:00,G005,valorant,2026-10-05T16:29:59.298821+00:00,matched,earnings:69660,Valorant,VALORANT,https://www.esportsearnings.com/games/646-valorant,VALORANT Champions 2024,2024,2024Q3,valid,matched,True,,2250000.0,,,225000000,True,2024-08-01
esportsearnings,https://www.esportsearnings.com/tournaments/63538-valorant-champions-2023,63538,VALORANT Champions 2023,"Los Angeles, USA",2023-08-06 to 2023-08-26,2023-08-06,2023-08-26,VALORANT,646,https://www.esportsearnings.com/games/646-valorant,"$2,250,000.00",2250000.0,USD - US Dollar,sqlite_pipeline/html/63538.html,2026-10-05T16:32:17.623936+00:00,G005,valorant,2026-10-05T16:32:17.608720+00:00,matched,earnings:63538,Valorant,VALORANT,https://www.esportsearnings.com/games/646-valorant,VALORANT Champions 2023,2023,2023Q3,valid,matched,True,,2250000.0,,,225000000,True,2023-08-01
esportsearnings,https://www.esportsearnings.com/tournaments/65352-lol-2023-world-championship,65352,League of Legends 2023 World Championship,"Seoul / Busan, South Korea",2023-10-10 to 2023-11-19,2023-10-10,2023-11-19,League of Legends,164,https://www.esportsearnings.com/games/164-league-of-legends,"$2,225,000.00",2225000.0,USD - US Dollar,sqlite_pipeline/html/65352.html,2026-10-05T14:57:37.814247+00:00,G004,lol,2026-10-05T14:57:37.718496+00:00,matched,earnings:65352,League of Legends,League of Legends,https://www.esportsearnings.com/games/164-league-of-legends,League of Legends 2023 World Championship,2023,2023Q4,valid,matched,True,,2225000.0,,,222500000,True,2023-10-01
esportsearnings,https://www.esportsearnings.com/tournaments/38992-lol-2019-world-championship,38992,League of Legends 2019 World Championship,Berlin (Play-In and Groups); Madrid (Quarterfinals and Semifinals); Paris (Final),2019-10-02 to 2019-11-10,2019-10-02,2019-11-10,League of Legends,164,https://www.esportsearnings.com/games/164-league-of-legends,"$2,225,000.00",2225000.0,USD - US Dollar,sqlite_pipeline/html/38992.html,2026-10-05T15:10:48.761717+00:00,G004,lol,2026-10-05T15:10:48.746155+00:00,matched,earnings:38992,League of Legends,League of Legends,https://www.esportsearnings.com/games/164-league-of-legends,League of Legends 2019 World Championship,2019,2019Q4,valid,matched,True,,2225000.0,,,222500000,True,2019-10-01
esportsearnings,https://www.esportsearnings.com/tournaments/56816-lol-2022-world-championship,56816,League of Legends 2022 World Championship,"San Francisco, Atlanta, New York, Mexico City",2022-09-29 to 2022-11-05,2022-09-29,2022-11-05,League of Legends,164,https://www.esportsearnings.com/games/164-league-of-legends,"$2,225,000.00",2225000.0,USD - US Dollar,sqlite_pipeline/html/56816.html,2026-10-05T15:01:03.799502+00:00,G004,lol,2026-10-05T15:01:03.783180+00:00,matched,earnings:56816,League of Legends,League of Legends,https://www.esportsearnings.com/games/164-league-of-legends,League of Legends 2022 World Championship,2022,2022Q3,valid,matched,True,,2225000.0,,,222500000,True,2022-09-01
esportsearnings,https://www.esportsearnings.com/tournaments/70594-lol-2024-world-championship,70594,League of Legends 2024 World Championship,"London, Paris, Berlin",2024-09-25 to 2024-11-02,2024-09-25,2024-11-02,League of Legends,164,https://www.esportsearnings.com/games/164-league-of-legends,"$2,225,000.00",2225000.0,USD - US Dollar,sqlite_pipeline/html/70594.html,2026-10-05T14:55:19.465091+00:00,G004,lol,2026-10-05T14:55:19.436643+00:00,matched,earnings:70594,League of Legends,League of Legends,https://www.esportsearnings.com/games/164-league-of-legends,League of Legends 2024 World Championship,2024,2024Q3,valid,matched,True,,2225000.0,,,222500000,True,2024-09-01
esportsearnings,https://www.esportsearnings.com/tournaments/49785-lol-2021-world-championship,49785,League of Legends 2021 World Championship,"Reykjavík, Iceland",2021-10-05 to 2021-11-06,2021-10-05,2021-11-06,League of Legends,164,https://www.esportsearnings.com/games/164-league-of-legends,"$2,180,500.00",2180500.0,USD - US Dollar,sqlite_pipeline/html/49785.html,2026-10-05T15:03:47.975687+00:00,G004,lol,2026-10-05T15:03:47.958244+00:00,matched,earnings:49785,League of Legends,League of Legends,https://www.esportsearnings.com/games/164-league-of-legends,League of Legends 2021 World Championship,2021,2021Q4,valid,matched,True,,2180500.0,,,218050000,True,2021-10-01
esportsearnings,https://www.esportsearnings.com/tournaments/7376-lol-2014-world-championship,7376,League of Legends 2014 World Championship,"Taipei and Singapore (Group Stage); Busan, South Korea (Quarterfinals); Seoul, South Korea (Semi finals and Finals)",2014-09-18 to 2014-10-19,2014-09-18,2014-10-19,League of Legends,164,https://www.esportsearnings.com/games/164-league-of-legends,"$2,130,000.00",2130000.0,USD - US Dollar,sqlite_pipeline/html/7376.html,2026-10-05T15:54:48.066841+00:00,G004,lol,2026-10-05T15:54:48.052376+00:00,matched,earnings:7376,League of Legends,League of Legends,https://www.esportsearnings.com/games/164-league-of-legends,League of Legends 2014 World Championship,2014,2014Q3,valid,matched,True,ambiguous_source_team_id,2130000.0,,,213000000,False,2014-09-01
esportsearnings,https://www.esportsearnings.com/tournaments/49819-pgl-major-stockholm-2021,49819,PGL Major Stockholm 2021,"Stockholm, Sweden",2021-10-26 to 2021-11-07,2021-10-26,2021-11-07,Counter-Strike: Global Offensive,245,https://www.esportsearnings.com/games/245-counter-strike-global-offensive,"$2,000,000.00",2000000.0,USD - US Dollar,sqlite_pipeline/html/49819.html,2026-10-05T09:01:59.083114+00:00,G001,csgo,2026-10-05T09:01:59.062191+00:00,matched,earnings:49819,Counter-Strike,Counter-Strike: Global Offensive,https://www.esportsearnings.com/games/245-counter-strike-global-offensive,PGL Major Stockholm 2021,2021,2021Q4,valid,matched,True,,2000000.0,,,200000000,True,2021-10-01
esportsearnings,https://www.esportsearnings.com/tournaments/27168-wesg-2017-csgo-male,27168,World Electronic Sports Games 2017 (Counter-Strike: Global Offensive Male),"Haikou, Hainan, China",2018-03-13 to 2018-03-18,2018-03-13,2018-03-18,Counter-Strike: Global Offensive,245,https://www.esportsearnings.com/games/245-counter-strike-global-offensive,"$1,500,000.00",1500000.0,USD - US Dollar,batch_runs/20261004T170535427493Z/html/27168.html,2026-10-05T08:10:13.571624+00:00,G001,csgo,2026-10-04T17:05:40.382482+00:00,matched,earnings:27168,Counter-Strike,Counter-Strike: Global Offensive,https://www.esportsearnings.com/games/245-counter-strike-global-offensive,World Electronic Sports Games 2017 (Counter-Strike: Global Offensive Male),2018,2018Q1,valid,matched,True,,1500000.0,,,150000000,True,2018-03-01
esportsearnings,https://www.esportsearnings.com/tournaments/21643-wesg-2016-csgo,21643,World Electronic Sports Games 2016 (CS:GO),"Changzhou, China",2017-01-12 to 2017-01-15,2017-01-12,2017-01-15,Counter-Strike: Global Offensive,245,https://www.esportsearnings.com/games/245-counter-strike-global-offensive,"$1,500,000.00",1500000.0,USD - US Dollar,batch_runs/20261004T170535427493Z/html/21643.html,2026-10-05T08:10:13.770433+00:00,G001,csgo,2026-10-04T17:05:36.561092+00:00,matched,earnings:21643,Counter-Strike,Counter-Strike: Global Offensive,https://www.esportsearnings.com/games/245-counter-strike-global-offensive,World Electronic Sports Games 2016 (CS:GO),2017,2017Q1,valid,matched,True,,1500000.0,,,150000000,True,2017-01-01
esportsearnings,https://www.esportsearnings.com/tournaments/19191-eleague-season-1,19191,ELEAGUE Season 1,"Atlanta, USA",2016-05-24 to 2016-07-30,2016-05-24,2016-07-30,Counter-Strike: Global Offensive,245,https://www.esportsearnings.com/games/245-counter-strike-global-offensive,"$1,410,000.00",1410000.0,USD - US Dollar,batch_runs/20261004T170535427493Z/html/19191.html,2026-10-05T08:10:13.930456+00:00,G001,csgo,2026-10-04T17:05:44.400805+00:00,needs_review,earnings:19191,Counter-Strike,Counter-Strike: Global Offensive,https://www.esportsearnings.com/games/245-counter-strike-global-offensive,ELEAGUE Season 1,2016,2016Q2,valid,needs_review,False,prize_allocation_pending_review,,,,141000000,False,2016-05-01
esportsearnings,https://www.esportsearnings.com/tournaments/72903-blast-tv-austin-major-2025,72903,BLAST.tv Austin Major 2025,"United, States Austin",2025-06-03 to 2025-06-22,2025-06-03,2025-06-22,Counter-Strike 2,839,https://www.esportsearnings.com/games/839-counter-strike-2,"$1,250,000.00",1250000.0,USD - US Dollar,sqlite_pipeline/html/72903.html,2026-10-05T13:42:23.264670+00:00,G002,cs2,2026-10-05T13:42:23.244666+00:00,matched,earnings:72903,Counter-Strike,Counter-Strike 2,https://www.esportsearnings.com/games/839-counter-strike-2,BLAST.tv Austin Major 2025,2025,2025Q2,valid,matched,True,,1250000.0,,,125000000,True,2025-06-01
esportsearnings,https://www.esportsearnings.com/tournaments/74009-cs2-at-esports-world-cup-2025,74009,CS2 at Esports World Cup 2025,"Saudi Arabia, Riyadh",2025-08-20 to 2025-08-24,2025-08-20,2025-08-24,Counter-Strike 2,839,https://www.esportsearnings.com/games/839-counter-strike-2,"$1,250,000.00",1250000.0,USD - US Dollar,sqlite_pipeline/html/74009.html,2026-10-05T13:42:55.463148+00:00,G002,cs2,2026-10-05T13:42:55.423581+00:00,matched,earnings:74009,Counter-Strike,Counter-Strike 2,https://www.esportsearnings.com/games/839-counter-strike-2,CS2 at Esports World Cup 2025,2025,2025Q3,valid,matched,True,,1250000.0,,,125000000,True,2025-08-01
esportsearnings,https://www.esportsearnings.com/tournaments/73487-pgl-cluj-napoca-2025,73487,PGL Cluj-Napoca 2025,"Bucharest & Cluj-Napoca, RO",2025-02-14,2025-02-14,2025-02-14,Counter-Strike 2,839,https://www.esportsearnings.com/games/839-counter-strike-2,"$1,250,000.00",1250000.0,USD - US Dollar,sqlite_pipeline/html/73487.html,2026-10-05T13:42:43.319750+00:00,G002,cs2,2026-10-05T13:42:43.305354+00:00,matched,earnings:73487,Counter-Strike,Counter-Strike 2,https://www.esportsearnings.com/games/839-counter-strike-2,PGL Cluj-Napoca 2025,2025,2025Q1,valid,matched,True,,1250000.0,,,125000000,True,2025-02-01
esportsearnings,https://www.esportsearnings.com/tournaments/67442-pgl-major-copenhagen-2024,67442,PGL Major Copenhagen 2024,"Copenhagen, Denmark",2024-03-17 to 2024-03-31,2024-03-17,2024-03-31,Counter-Strike 2,839,https://www.esportsearnings.com/games/839-counter-strike-2,"$1,250,000.00",1250000.0,USD - US Dollar,sqlite_pipeline/html/67442.html,2026-10-05T13:31:47.037829+00:00,G002,cs2,2026-10-05T13:31:47.016921+00:00,matched,earnings:67442,Counter-Strike,Counter-Strike 2,https://www.esportsearnings.com/games/839-counter-strike-2,PGL Major Copenhagen 2024,2024,2024Q1,valid,matched,True,,1250000.0,,,125000000,True,2024-03-01
esportsearnings,https://www.esportsearnings.com/tournaments/72957-esports-world-cup-2025-valorant,72957,Esports World Cup 2025 (VALORANT),"Saudi Arabia, Riyadh",2025-07-08 to 2025-07-13,2025-07-08,2025-07-13,VALORANT,646,https://www.esportsearnings.com/games/646-valorant,"$1,250,000.00",1250000.0,USD - US Dollar,sqlite_pipeline/html/72957.html,2026-10-05T19:37:58.157532+00:00,G005,valorant,2026-10-05T19:37:58.145543+00:00,matched,earnings:72957,Valorant,VALORANT,https://www.esportsearnings.com/games/646-valorant,Esports World Cup 2025 (VALORANT),2025,2025Q3,valid,matched,True,,1250000.0,2025-07-08,2025-07-13,125000000,True,2025-07-01
esportsearnings,https://www.esportsearnings.com/tournaments/71214-perfect-world-shanghai-major-2024,71214,Perfect World Shanghai Major 2024,Shanghai,2024-11-30 to 2024-12-15,2024-11-30,2024-12-15,Counter-Strike 2,839,https://www.esportsearnings.com/games/839-counter-strike-2,"$1,250,000.00",1250000.0,USD - US Dollar,sqlite_pipeline/html/71214.html,2026-10-05T13:38:58.737663+00:00,G002,cs2,2026-10-05T13:38:58.722135+00:00,matched,earnings:71214,Counter-Strike,Counter-Strike 2,https://www.esportsearnings.com/games/839-counter-strike-2,Perfect World Shanghai Major 2024,2024,2024Q4,valid,matched,True,,1250000.0,,,125000000,True,2024-11-01
esportsearnings,https://www.esportsearnings.com/tournaments/61482-blast-tv-paris-major-2023,61482,BLAST.tv Paris Major 2023,"Paris, France",2023-05-08 to 2023-05-21,2023-05-08,2023-05-21,Counter-Strike: Global Offensive,245,https://www.esportsearnings.com/games/245-counter-strike-global-offensive,"$1,250,000.00",1250000.0,USD - US Dollar,batch_runs/20261004T170535427493Z/html/61482.html,2026-10-05T08:08:27.476260+00:00,G001,csgo,2026-10-04T17:05:48.451711+00:00,matched,earnings:61482,Counter-Strike,Counter-Strike: Global Offensive,https://www.esportsearnings.com/games/245-counter-strike-global-offensive,BLAST.tv Paris Major 2023,2023,2023Q2,valid,matched,True,,1250000.0,,,125000000,True,2023-05-01
esportsearnings,https://www.esportsearnings.com/tournaments/68567-vct-2024-masters-shanghai,68567,VALORANT Champions Tour 2024: Masters Shanghai,"Shanghai, China",2024-05-23 to 2024-06-09,2024-05-23,2024-06-09,VALORANT,646,https://www.esportsearnings.com/games/646-valorant,"$1,000,000.00",1000000.0,USD - US Dollar,sqlite_pipeline/html/68567.html,2026-10-05T16:29:02.894970+00:00,G005,valorant,2026-10-05T16:29:02.870931+00:00,matched,earnings:68567,Valorant,VALORANT,https://www.esportsearnings.com/games/646-valorant,VALORANT Champions Tour 2024: Masters Shanghai,2024,2024Q2,valid,matched,True,,1000000.0,,,100000000,True,2024-05-01
esportsearnings,https://www.esportsearnings.com/tournaments/50677-valorant-champions-2021,50677,VALORANT Champions 2021,"Berlin, Germany",2021-12-01 to 2021-12-12,2021-12-01,2021-12-12,VALORANT,646,https://www.esportsearnings.com/games/646-valorant,"$1,000,000.00",1000000.0,USD - US Dollar,sqlite_pipeline/html/50677.html,2026-10-05T16:41:13.457135+00:00,G005,valorant,2026-10-05T16:41:13.444292+00:00,matched,earnings:50677,Valorant,VALORANT,https://www.esportsearnings.com/games/646-valorant,VALORANT Champions 2021,2021,2021Q4,valid,matched,True,,1000000.0,,,100000000,True,2021-12-01
esportsearnings,https://www.esportsearnings.com/tournaments/61880-vct-2023-masters-tokyo,61880,VALORANT Champions Tour 2023: Masters Tokyo,"Tokyo, Japan",2023-06-11 to 2023-06-25,2023-06-11,2023-06-25,VALORANT,646,https://www.esportsearnings.com/games/646-valorant,"$1,000,000.00",1000000.0,USD - US Dollar,sqlite_pipeline/html/61880.html,2026-10-05T16:32:32.214053+00:00,G005,valorant,2026-10-05T16:32:32.195385+00:00,matched,earnings:61880,Valorant,VALORANT,https://www.esportsearnings.com/games/646-valorant,VALORANT Champions Tour 2023: Masters Tokyo,2023,2023Q2,valid,matched,True,,1000000.0,,,100000000,True,2023-06-01
esportsearnings,https://www.esportsearnings.com/tournaments/55674-valorant-champions-2022,55674,VALORANT Champions 2022,"Istanbul, Turkey",2022-08-31 to 2022-09-18,2022-08-31,2022-09-18,VALORANT,646,https://www.esportsearnings.com/games/646-valorant,"$1,000,000.00",1000000.0,USD - US Dollar,sqlite_pipeline/html/55674.html,2026-10-05T16:37:09.109269+00:00,G005,valorant,2026-10-05T16:37:09.090895+00:00,matched,earnings:55674,Valorant,VALORANT,https://www.esportsearnings.com/games/646-valorant,VALORANT Champions 2022,2022,2022Q3,valid,matched,True,,1000000.0,,,100000000,True,2022-08-01
esportsearnings,https://www.esportsearnings.com/tournaments/48944-vct-2021-stage-3-masters-berlin,48944,VALORANT Champions Tour 2021: Stage 3 Masters - Berlin,"Berlin, Germany",2021-09-10 to 2021-09-19,2021-09-10,2021-09-19,VALORANT,646,https://www.esportsearnings.com/games/646-valorant,"$690,000.00",690000.0,USD - US Dollar,sqlite_pipeline/html/48944.html,2026-10-05T16:45:03.628449+00:00,G005,valorant,2026-10-05T16:45:03.612310+00:00,matched,earnings:48944,Valorant,VALORANT,https://www.esportsearnings.com/games/646-valorant,VALORANT Champions Tour 2021: Stage 3 Masters - Berlin,2021,2021Q3,valid,matched,True,,690000.0,,,69000000,True,2021-09-01
esportsearnings,https://www.esportsearnings.com/tournaments/52857-vct-2022-stage-1-masters-reykjavik,52857,VALORANT Champions Tour 2022: Stage 1 Masters - Reykjavík,"Reykjavík, Iceland",2022-04-10 to 2022-04-24,2022-04-10,2022-04-24,VALORANT,646,https://www.esportsearnings.com/games/646-valorant,"$675,000.00",675000.0,USD - US Dollar,sqlite_pipeline/html/52857.html,2026-10-05T16:39:42.102232+00:00,G005,valorant,2026-10-05T16:39:42.084568+00:00,tournament_only,earnings:52857,Valorant,VALORANT,https://www.esportsearnings.com/games/646-valorant,VALORANT Champions Tour 2022: Stage 1 Masters - Reykjavík,2022,2022Q2,valid,tournament_only,False,placements_unavailable_or_unapproved,,,,67500000,False,2022-04-01
esportsearnings,https://www.esportsearnings.com/tournaments/53213-vct-2022-stage-2-masters-copenhagen,53213,VALORANT Champions Tour 2022: Stage 2 Masters - Copenhagen,Copenhagen,2022-07-10 to 2022-07-24,2022-07-10,2022-07-24,VALORANT,646,https://www.esportsearnings.com/games/646-valorant,"$650,000.00",650000.0,USD - US Dollar,sqlite_pipeline/html/53213.html,2026-10-05T16:37:51.097760+00:00,G005,valorant,2026-10-05T16:37:51.085319+00:00,matched,earnings:53213,Valorant,VALORANT,https://www.esportsearnings.com/games/646-valorant,VALORANT Champions Tour 2022: Stage 2 Masters - Copenhagen,2022,2022Q3,valid,matched,True,,650000.0,,,65000000,True,2022-07-01
