table,column,missing_count,missing_pct
tournaments,source_site,0,0.0
tournaments,source_url,0,0.0
tournaments,source_tournament_id,0,0.0
tournaments,tournament_name_raw,0,0.0
tournaments,location_raw,2,0.0142025280499929
tournaments,date_raw,0,0.0
tournaments,start_date,0,0.0
tournaments,end_date,0,0.0
tournaments,game_name_raw,0,0.0
tournaments,source_game_id,0,0.0
tournaments,game_source_url,0,0.0
tournaments,prize_pool_raw,0,0.0
tournaments,prize_pool_usd,0,0.0
tournaments,currency_raw,0,0.0
tournaments,source_html_file,0,0.0
tournaments,parsed_at,0,0.0
tournaments,game_id,0,0.0
tournaments,game_slug,0,0.0
tournaments,crawled_at,0,0.0
tournaments,placements_status,0,0.0
tournaments,tournament_id,0,0.0
tournaments,game_family,0,0.0
tournaments,game_version,0,0.0
tournaments,version_evidence,0,0.0
tournaments,tournament_name,0,0.0
tournaments,year,0,0.0
tournaments,quarter,0,0.0
tournaments,date_validation_status,0,0.0
tournaments,crawler_status,0,0.0
tournaments,eligible_for_placement_prize_analysis,0,0.0
tournaments,quality_note,12540,89.04985087345547
tournaments,placements_total_usd,1369,9.72163045022014
tournaments,source_start_date,14076,99.95739241585002
tournaments,source_end_date,14076,99.95739241585002
tournaments,pool_cents,0,0.0
tournaments,strict_quality,0,0.0
tournaments,month_start,0,0.0
placements,source_site,0,0.0
placements,source_url,0,0.0
placements,source_tournament_id,0,0.0
placements,source_team_id,26618,50.65174782592149
placements,team_name_raw,0,0.0
placements,team_source_url,26196,49.848718387851804
placements,rank_raw,0,0.0
placements,rank_min,883,1.680272497193203
placements,rank_max,883,1.680272497193203
placements,result_outcome,51668,98.3197275028068
placements,prize_money_raw,0,0.0
placements,prize_money_usd,0,0.0
placements,source_html_file,0,0.0
placements,parsed_at,0,0.0
placements,game_id,0,0.0
placements,game_slug,0,0.0
placements,crawled_at,0,0.0
placements,validation_status,0,0.0
placements,placement_id,0,0.0
placements,tournament_id,0,0.0
placements,game_family,0,0.0
placements,game_version,0,0.0
placements,team_name,0,0.0
placements,source_team_id_raw,26196,49.848718387851804
placements,team_identity_status,0,0.0
placements,placement_key_basis,0,0.0
placements,start_date,0,0.0
placements,year,0,0.0
placements,quarter,0,0.0
placements,date_validation_status,0,0.0
placements,tournament_prize_difference_usd,0,0.0
placements,prize_cents,0,0.0
placements,strict_quality,0,0.0
twitch,rank,0,0.0
twitch,game,0,0.0
twitch,month,0,0.0
twitch,year,0,0.0
twitch,hours_watched,0,0.0
twitch,hours_streamed,0,0.0
twitch,peak_viewers,0,0.0
twitch,peak_channels,0,0.0
twitch,streamers,0,0.0
twitch,avg_viewers,0,0.0
twitch,avg_channels,0,0.0
twitch,avg_viewer_ratio,0,0.0
twitch,source_row_number,0,0.0
twitch,month_start,0,0.0
twitch,platform,0,0.0
twitch,measurement_level,0,0.0
twitch,source_category_raw,0,0.0
twitch,source_category,0,0.0
twitch,source_file,0,0.0
twitch,quality_status,0,0.0
twitch,game_family,0,0.0
twitch,analysis_role,0,0.0
twitch,hours_watched_iqr_flag,0,0.0
twitch,avg_viewers_iqr_flag,0,0.0
twitch,peak_viewers_iqr_flag,0,0.0
panel,rank,0,0.0
panel,game,0,0.0
panel,month,0,0.0
panel,year,0,0.0
panel,hours_watched,0,0.0
panel,hours_streamed,0,0.0
panel,peak_viewers,0,0.0
panel,peak_channels,0,0.0
panel,streamers,0,0.0
panel,avg_viewers,0,0.0
panel,avg_channels,0,0.0
panel,avg_viewer_ratio,0,0.0
panel,source_row_number,0,0.0
panel,month_start,0,0.0
panel,platform,0,0.0
panel,measurement_level,0,0.0
panel,source_category_raw,0,0.0
panel,source_category,0,0.0
panel,source_file,0,0.0
panel,quality_status,0,0.0
panel,game_family,0,0.0
panel,analysis_role,0,0.0
panel,hours_watched_iqr_flag,0,0.0
panel,avg_viewers_iqr_flag,0,0.0
panel,peak_viewers_iqr_flag,0,0.0
panel,observed_tournament_count,0,0.0
panel,known_pool_count,0,0.0
panel,source_prize_pool_cents,1,0.27100271002710025
panel,placement_reconciled_tournament_count,0,0.0
panel,placement_reconciled_pool_cents,1,0.27100271002710025
panel,quality_flagged_tournament_count,0,0.0
panel,game_versions_present,1,0.27100271002710025
panel,earnings_month_observed,0,0.0
panel,source_prize_pool_usd,1,0.27100271002710025
panel,placement_reconciled_pool_usd,1,0.27100271002710025
panel,twitch_platform_hours_watched,0,0.0
panel,game_hours_share_of_twitch_pct,0,0.0
