game_family,year,observed_tournaments
Counter-Strike,2012,51
Counter-Strike,2013,198
Counter-Strike,2014,281
Counter-Strike,2015,722
Counter-Strike,2016,860
Counter-Strike,2017,930
Counter-Strike,2018,1019
Counter-Strike,2019,949
Counter-Strike,2020,623
Counter-Strike,2021,580
Counter-Strike,2022,550
Counter-Strike,2023,522
Counter-Strike,2024,364
Counter-Strike,2025,289
Dota 2,2012,101
Dota 2,2013,135
Dota 2,2014,148
Dota 2,2015,228
Dota 2,2016,150
Dota 2,2017,166
Dota 2,2018,185
Dota 2,2019,233
Dota 2,2020,174
Dota 2,2021,109
Dota 2,2022,114
Dota 2,2023,127
Dota 2,2024,88
Dota 2,2025,19
League of Legends,2012,394
League of Legends,2013,381
League of Legends,2014,425
League of Legends,2015,315
League of Legends,2016,174
League of Legends,2017,195
League of Legends,2018,194
League of Legends,2019,209
League of Legends,2020,123
League of Legends,2021,109
League of Legends,2022,104
League of Legends,2023,117
League of Legends,2024,86
League of Legends,2025,10
Valorant,2020,373
Valorant,2021,397
Valorant,2022,228
Valorant,2023,231
Valorant,2024,97
Valorant,2025,5
