rank,game,month,year,hours_watched,hours_streamed,peak_viewers,peak_channels,streamers,avg_viewers,avg_channels,avg_viewer_ratio,source_row_number,month_start,platform,measurement_level,source_category_raw,source_category,source_file,quality_status,game_family,analysis_role,hours_watched_iqr_flag,avg_viewers_iqr_flag,peak_viewers_iqr_flag
2,Dota 2,8,2016,52492132,289605,623824,796,29645,70648,389,181.25,1403,2016-08-01,Twitch,game_month,Dota 2,Dota 2,C:\Users\dthin\Downloads\Twitch_game_data.csv,usable,Dota 2,main,False,False,True
2,Counter-Strike: Global Offensive,1,2017,72376812,694606,1233293,2177,110118,97411,934,104.2,2403,2017-01-01,Twitch,game_month,Counter-Strike: Global Offensive,Counter-Strike: Global Offensive,C:\Users\dthin\Downloads\Twitch_game_data.csv,usable,Counter-Strike,main,False,False,True
3,Dota 2,4,2017,49040667,284239,671452,923,21427,68206,395,172.53,3004,2017-04-01,Twitch,game_month,Dota 2,Dota 2,C:\Users\dthin\Downloads\Twitch_game_data.csv,usable,Dota 2,main,False,False,True
3,Dota 2,8,2017,58671453,303454,845577,704,28695,78965,408,193.35,3804,2017-08-01,Twitch,game_month,Dota 2,Dota 2,C:\Users\dthin\Downloads\Twitch_game_data.csv,usable,Dota 2,main,False,False,True
2,Counter-Strike: Global Offensive,1,2018,69603467,784226,1298358,1978,125843,93678,1055,88.75,4803,2018-01-01,Twitch,game_month,Counter-Strike: Global Offensive,Counter-Strike: Global Offensive,C:\Users\dthin\Downloads\Twitch_game_data.csv,usable,Counter-Strike,main,False,False,True
3,Dota 2,8,2018,69776434,439437,749471,1102,36075,93911,591,158.79,6204,2018-08-01,Twitch,game_month,Dota 2,Dota 2,C:\Users\dthin\Downloads\Twitch_game_data.csv,usable,Dota 2,main,True,True,True
3,Dota 2,8,2019,70885379,487148,1045985,1174,37081,95404,655,145.51,8604,2019-08-01,Twitch,game_month,Dota 2,Dota 2,C:\Users\dthin\Downloads\Twitch_game_data.csv,usable,Dota 2,main,True,True,True
1,League of Legends,11,2019,95436703,2126093,1782765,4512,200004,132735,2957,44.89,9202,2019-11-01,Twitch,game_month,League of Legends,League of Legends,C:\Users\dthin\Downloads\Twitch_game_data.csv,usable,League of Legends,main,False,False,True
1,VALORANT,4,2020,344551979,4588347,1728977,15710,319709,479209,6381,75.09,10202,2020-04-01,Twitch,game_month,VALORANT,VALORANT,C:\Users\dthin\Downloads\Twitch_game_data.csv,usable,Valorant,main,True,True,True
2,League of Legends,10,2020,171613067,3367157,2020835,8520,246211,230973,4531,50.97,11403,2020-10-01,Twitch,game_month,League of Legends,League of Legends,C:\Users\dthin\Downloads\Twitch_game_data.csv,usable,League of Legends,main,False,False,True
2,League of Legends,10,2021,208574800,2489811,2364918,5375,185819,280719,3351,83.77,13803,2021-10-01,Twitch,game_month,League of Legends,League of Legends,C:\Users\dthin\Downloads\Twitch_game_data.csv,usable,League of Legends,main,True,True,True
4,Dota 2,10,2021,98815597,701658,1636441,1895,34983,132995,944,140.83,13805,2021-10-01,Twitch,game_month,Dota 2,Dota 2,C:\Users\dthin\Downloads\Twitch_game_data.csv,usable,Dota 2,main,True,True,True
3,League of Legends,11,2021,102612188,2420283,3082772,5280,192692,142715,3366,42.4,14004,2021-11-01,Twitch,game_month,League of Legends,League of Legends,C:\Users\dthin\Downloads\Twitch_game_data.csv,usable,League of Legends,main,False,False,True
4,Counter-Strike: Global Offensive,11,2021,79981393,951598,1916027,2590,97574,111239,1323,84.05,14005,2021-11-01,Twitch,game_month,Counter-Strike: Global Offensive,Counter-Strike: Global Offensive,C:\Users\dthin\Downloads\Twitch_game_data.csv,usable,Counter-Strike,main,False,False,True
5,Counter-Strike: Global Offensive,5,2022,93930915,845157,1687805,2202,121653,126421,1137,111.14,15206,2022-05-01,Twitch,game_month,Counter-Strike: Global Offensive,Counter-Strike: Global Offensive,C:\Users\dthin\Downloads\Twitch_game_data.csv,usable,Counter-Strike,main,False,False,True
7,Counter-Strike: Global Offensive,7,2022,51096287,848961,1153750,2055,130195,68770,1142,60.19,15608,2022-07-01,Twitch,game_month,Counter-Strike: Global Offensive,Counter-Strike: Global Offensive,C:\Users\dthin\Downloads\Twitch_game_data.csv,usable,Counter-Strike,main,False,False,True
7,Dota 2,8,2022,56810142,651161,666026,1514,49178,76460,876,87.24,15808,2022-08-01,Twitch,game_month,Dota 2,Dota 2,C:\Users\dthin\Downloads\Twitch_game_data.csv,usable,Dota 2,main,False,False,True
2,League of Legends,10,2022,159646745,2036314,1594928,4506,204092,214867,2740,78.4,16203,2022-10-01,Twitch,game_month,League of Legends,League of Legends,C:\Users\dthin\Downloads\Twitch_game_data.csv,usable,League of Legends,main,False,False,True
5,Dota 2,10,2022,83032166,656224,1037857,1845,50170,111752,883,126.53,16206,2022-10-01,Twitch,game_month,Dota 2,Dota 2,C:\Users\dthin\Downloads\Twitch_game_data.csv,usable,Dota 2,main,True,True,True
3,League of Legends,11,2022,92645258,1851622,3145012,4184,195040,128852,2575,50.03,16404,2022-11-01,Twitch,game_month,League of Legends,League of Legends,C:\Users\dthin\Downloads\Twitch_game_data.csv,usable,League of Legends,main,False,False,True
4,Counter-Strike: Global Offensive,11,2022,86942107,666047,1313814,1983,106614,120920,926,130.53,16405,2022-11-01,Twitch,game_month,Counter-Strike: Global Offensive,Counter-Strike: Global Offensive,C:\Users\dthin\Downloads\Twitch_game_data.csv,usable,Counter-Strike,main,False,False,True
5,Counter-Strike: Global Offensive,5,2023,87965792,1087921,1117445,2829,151201,118392,1464,80.86,17606,2023-05-01,Twitch,game_month,Counter-Strike: Global Offensive,Counter-Strike: Global Offensive,C:\Users\dthin\Downloads\Twitch_game_data.csv,usable,Counter-Strike,main,False,False,True
4,Dota 2,10,2023,73160383,754966,1105363,1946,55726,98466,1016,96.91,18605,2023-10-01,Twitch,game_month,Dota 2,Dota 2,C:\Users\dthin\Downloads\Twitch_game_data.csv,usable,Dota 2,main,True,True,True
2,League of Legends,11,2023,120768657,2134955,2597522,4403,196176,167967,2969,56.57,18803,2023-11-01,Twitch,game_month,League of Legends,League of Legends,C:\Users\dthin\Downloads\Twitch_game_data.csv,usable,League of Legends,main,False,False,True
5,Counter-Strike,3,2024,90657075,979017,1548040,6052,143064,122014,1317,92.6,19606,2024-03-01,Twitch,game_month,Counter-Strike,Counter-Strike,C:\Users\dthin\Downloads\Twitch_game_data.csv,usable,Counter-Strike,main,False,False,True
7,Dota 2,3,2024,47797282,848840,1136814,4584,65345,64330,1142,56.31,19608,2024-03-01,Twitch,game_month,Dota 2,Dota 2,C:\Users\dthin\Downloads\Twitch_game_data.csv,usable,Dota 2,main,False,False,True
3,VALORANT,8,2024,91324800,3412960,1420514,6428,413227,122913,4593,26.76,20604,2024-08-01,Twitch,game_month,VALORANT,VALORANT,C:\Users\dthin\Downloads\Twitch_game_data.csv,usable,Valorant,main,False,False,True
4,Dota 2,9,2024,66060227,690073,1528106,1971,55675,91877,959,95.73,20805,2024-09-01,Twitch,game_month,Dota 2,Dota 2,C:\Users\dthin\Downloads\Twitch_game_data.csv,usable,Dota 2,main,False,True,True
