game_family,level_1,count,mean,std,min,25%,50%,75%,max
Counter-Strike,hours_watched,105.0,49447133.02857143,18474886.31813779,18625865.0,35411834.0,47256109.0,62157945.0,93930915.0
Counter-Strike,avg_viewers,105.0,67869.72380952381,25444.821204798023,25068.0,47660.0,64652.0,84670.0,126421.0
Counter-Strike,peak_viewers,105.0,523286.65714285715,328406.65762613557,152628.0,305793.0,434419.0,607485.0,1916027.0
Dota 2,hours_watched,105.0,42893025.78095238,11709176.277439903,24378147.0,34971672.0,41174229.0,47797282.0,98815597.0
Dota 2,avg_viewers,105.0,58768.171428571426,15740.20212609513,32810.0,48360.0,57253.0,64937.0,132995.0
Dota 2,peak_viewers,105.0,341370.4095238095,266925.50772819686,79965.0,199817.0,264011.0,363879.0,1636441.0
League of Legends,hours_watched,105.0,107588393.05714285,28925809.25049125,68210459.0,84467396.0,98976171.0,126494155.0,208574800.0
League of Legends,avg_viewers,105.0,147535.04761904763,39470.698726392395,91804.0,117393.0,134035.0,171868.0,280719.0
League of Legends,peak_viewers,105.0,717877.0857142857,531948.5857579354,223571.0,400257.0,556963.0,854400.0,3145012.0
Valorant,hours_watched,54.0,85775236.57407407,42977817.98163304,37362055.0,62489615.0,83779198.0,99721422.0,344551979.0
Valorant,avg_viewers,54.0,117713.9074074074,59655.91803070005,50285.0,85996.25,112802.5,134900.75,479209.0
Valorant,peak_viewers,54.0,515806.68518518517,369856.3925611814,145497.0,254739.25,374475.5,713814.75,1728977.0
