game_family,quarter_of_year,mean,median,count
Counter-Strike,1,3176935.4441666664,4016906.335,12
Counter-Strike,2,3153266.9475,4095394.05,12
Counter-Strike,3,3517499.674166667,3651062.755,12
Counter-Strike,4,4290960.248333334,5405561.765000001,12
Dota 2,1,3081263.723333333,3180173.13,12
Dota 2,2,3047403.6333333333,3019527.215,12
Dota 2,3,14354193.165000001,14478530.935,12
Dota 2,4,7874123.140833333,4047964.875,12
League of Legends,1,2005623.6066666667,2201730.8049999997,12
League of Legends,2,2480156.42,2458197.955,12
League of Legends,3,2215964.875,2072496.6800000002,12
League of Legends,4,2253952.6075,1974376.33,12
Valorant,1,1676608.2133333336,1659880.11,3
Valorant,2,1749902.135,1911824.165,4
Valorant,3,1947075.355,2111402.59,4
Valorant,4,1463567.2475,1468740.8050000002,4
