game_family,quarter,observed_tournament_count,pool_cents,strict_count,strict_pool_cents,target_prize_pool_usd,strict_target_prize_pool_usd,period_observed,split,period_start
League of Legends,2025Q4,,,,,,,False,test,2025-10-01
Valorant,2012Q1,,,,,,,False,train,2012-01-01
Valorant,2012Q2,,,,,,,False,train,2012-04-01
Valorant,2012Q3,,,,,,,False,train,2012-07-01
Valorant,2012Q4,,,,,,,False,train,2012-10-01
Valorant,2013Q1,,,,,,,False,train,2013-01-01
Valorant,2013Q2,,,,,,,False,train,2013-04-01
Valorant,2013Q3,,,,,,,False,train,2013-07-01
Valorant,2013Q4,,,,,,,False,train,2013-10-01
Valorant,2014Q1,,,,,,,False,train,2014-01-01
Valorant,2014Q2,,,,,,,False,train,2014-04-01
Valorant,2014Q3,,,,,,,False,train,2014-07-01
Valorant,2014Q4,,,,,,,False,train,2014-10-01
Valorant,2015Q1,,,,,,,False,train,2015-01-01
Valorant,2015Q2,,,,,,,False,train,2015-04-01
Valorant,2015Q3,,,,,,,False,train,2015-07-01
Valorant,2015Q4,,,,,,,False,train,2015-10-01
Valorant,2016Q1,,,,,,,False,train,2016-01-01
Valorant,2016Q2,,,,,,,False,train,2016-04-01
Valorant,2016Q3,,,,,,,False,train,2016-07-01
Valorant,2016Q4,,,,,,,False,train,2016-10-01
Valorant,2017Q1,,,,,,,False,train,2017-01-01
Valorant,2017Q2,,,,,,,False,train,2017-04-01
Valorant,2017Q3,,,,,,,False,train,2017-07-01
Valorant,2017Q4,,,,,,,False,train,2017-10-01
Valorant,2018Q1,,,,,,,False,train,2018-01-01
Valorant,2018Q2,,,,,,,False,train,2018-04-01
Valorant,2018Q3,,,,,,,False,train,2018-07-01
Valorant,2018Q4,,,,,,,False,train,2018-10-01
Valorant,2019Q1,,,,,,,False,train,2019-01-01
Valorant,2019Q2,,,,,,,False,train,2019-04-01
Valorant,2019Q3,,,,,,,False,train,2019-07-01
Valorant,2019Q4,,,,,,,False,train,2019-10-01
Valorant,2020Q1,,,,,,,False,train,2020-01-01
Valorant,2025Q2,,,,,,,False,test,2025-04-01
Valorant,2025Q4,,,,,,,False,test,2025-10-01
