game_family,quarter,observed_tournament_count,pool_cents,strict_count,strict_pool_cents,target_prize_pool_usd,strict_target_prize_pool_usd,period_observed,split,period_start,prediction,evaluation
Counter-Strike,2012Q1,1.0,64766.0,1.0,64766.0,647.66,647.66,True,train,2012-01-01,,rolling_one_step_seasonal_naive
Counter-Strike,2012Q2,1.0,130933.0,1.0,130933.0,1309.33,1309.33,True,train,2012-04-01,,rolling_one_step_seasonal_naive
Counter-Strike,2012Q3,17.0,1358049.0,16.0,1358049.0,13580.49,13580.49,True,train,2012-07-01,,rolling_one_step_seasonal_naive
Counter-Strike,2012Q4,32.0,22333645.0,32.0,22333645.0,223336.45,223336.45,True,train,2012-10-01,,rolling_one_step_seasonal_naive
Counter-Strike,2013Q1,45.0,16654133.0,45.0,16654133.0,166541.33,166541.33,True,train,2013-01-01,647.66,rolling_one_step_seasonal_naive
Counter-Strike,2013Q2,54.0,33333003.0,52.0,31889555.0,333330.03,318895.55,True,train,2013-04-01,1309.33,rolling_one_step_seasonal_naive
Counter-Strike,2013Q3,47.0,17300972.0,47.0,17300972.0,173009.72,173009.72,True,train,2013-07-01,13580.49,rolling_one_step_seasonal_naive
Counter-Strike,2013Q4,52.0,53612135.0,52.0,53612135.0,536121.35,536121.35,True,train,2013-10-01,223336.45,rolling_one_step_seasonal_naive
Counter-Strike,2014Q1,61.0,49255969.0,60.0,46747419.0,492559.69,467474.19,True,train,2014-01-01,166541.33,rolling_one_step_seasonal_naive
Counter-Strike,2014Q2,50.0,26407774.0,49.0,26271287.0,264077.74,262712.87,True,train,2014-04-01,333330.03,rolling_one_step_seasonal_naive
Counter-Strike,2014Q3,78.0,66262416.0,77.0,66180334.0,662624.16,661803.34,True,train,2014-07-01,173009.72,rolling_one_step_seasonal_naive
Counter-Strike,2014Q4,92.0,62767434.0,92.0,62767434.0,627674.34,627674.34,True,train,2014-10-01,536121.35,rolling_one_step_seasonal_naive
Counter-Strike,2015Q1,107.0,91162904.0,105.0,90797990.0,911629.04,907979.9,True,train,2015-01-01,492559.69,rolling_one_step_seasonal_naive
Counter-Strike,2015Q2,165.0,123742296.0,158.0,113792536.0,1237422.96,1137925.36,True,train,2015-04-01,264077.74,rolling_one_step_seasonal_naive
Counter-Strike,2015Q3,202.0,211192333.0,197.0,194705186.0,2111923.33,1947051.86,True,train,2015-07-01,662624.16,rolling_one_step_seasonal_naive
Counter-Strike,2015Q4,248.0,200125507.0,238.0,189678107.0,2001255.07,1896781.07,True,train,2015-10-01,627674.34,rolling_one_step_seasonal_naive
Counter-Strike,2016Q1,230.0,324026935.0,217.0,307261726.0,3240269.35,3072617.26,True,train,2016-01-01,911629.04,rolling_one_step_seasonal_naive
Counter-Strike,2016Q2,200.0,481108269.0,185.0,267753503.0,4811082.69,2677535.03,True,train,2016-04-01,1237422.96,rolling_one_step_seasonal_naive
Counter-Strike,2016Q3,206.0,355789242.0,196.0,337025608.0,3557892.42,3370256.08,True,train,2016-07-01,2111923.33,rolling_one_step_seasonal_naive
Counter-Strike,2016Q4,224.0,562630906.0,208.0,510746462.0,5626309.06,5107464.62,True,train,2016-10-01,2001255.07,rolling_one_step_seasonal_naive
Counter-Strike,2017Q1,166.0,436982324.0,138.0,387869993.0,4369823.24,3878699.93,True,train,2017-01-01,3240269.35,rolling_one_step_seasonal_naive
Counter-Strike,2017Q2,211.0,435230760.0,195.0,412766025.0,4352307.6,4127660.25,True,train,2017-04-01,4811082.69,rolling_one_step_seasonal_naive
Counter-Strike,2017Q3,292.0,628097945.0,231.0,588488886.0,6280979.45,5884888.86,True,train,2017-07-01,3557892.42,rolling_one_step_seasonal_naive
Counter-Strike,2017Q4,261.0,534231619.0,198.0,511110218.0,5342316.19,5111102.18,True,train,2017-10-01,5626309.06,rolling_one_step_seasonal_naive
Counter-Strike,2018Q1,194.0,620564523.0,162.0,595782456.0,6205645.23,5957824.56,True,train,2018-01-01,4369823.24,rolling_one_step_seasonal_naive
Counter-Strike,2018Q2,199.0,475922696.0,163.0,453112998.0,4759226.96,4531129.98,True,train,2018-04-01,4352307.6,rolling_one_step_seasonal_naive
Counter-Strike,2018Q3,223.0,538090634.0,184.0,513491504.0,5380906.34,5134915.04,True,train,2018-07-01,6280979.45,rolling_one_step_seasonal_naive
Counter-Strike,2018Q4,403.0,603849457.0,184.0,540867170.0,6038494.57,5408671.7,True,train,2018-10-01,5342316.19,rolling_one_step_seasonal_naive
Counter-Strike,2019Q1,280.0,578297969.0,128.0,529876505.0,5782979.69,5298765.05,True,train,2019-01-01,6205645.23,rolling_one_step_seasonal_naive
Counter-Strike,2019Q2,246.0,466189287.0,167.0,437818187.0,4661892.87,4378181.87,True,train,2019-04-01,4759226.96,rolling_one_step_seasonal_naive
Counter-Strike,2019Q3,215.0,587963464.0,165.0,552109864.0,5879634.64,5521098.64,True,train,2019-07-01,5380906.34,rolling_one_step_seasonal_naive
Counter-Strike,2019Q4,208.0,697074686.0,161.0,629224686.0,6970746.86,6292246.86,True,train,2019-10-01,6038494.57,rolling_one_step_seasonal_naive
Counter-Strike,2020Q1,144.0,408705624.0,101.0,331491408.0,4087056.24,3314914.08,True,train,2020-01-01,5782979.69,rolling_one_step_seasonal_naive
Counter-Strike,2020Q2,151.0,363015820.0,132.0,318855820.0,3630158.2,3188558.2,True,train,2020-04-01,4661892.87,rolling_one_step_seasonal_naive
Counter-Strike,2020Q3,152.0,334879600.0,143.0,276714125.0,3348796.0,2767141.25,True,train,2020-07-01,5879634.64,rolling_one_step_seasonal_naive
Counter-Strike,2020Q4,176.0,499506409.0,169.0,492147356.0,4995064.09,4921473.56,True,train,2020-10-01,6970746.86,rolling_one_step_seasonal_naive
Counter-Strike,2021Q1,130.0,483226119.0,119.0,371324342.0,4832261.19,3713243.42,True,train,2021-01-01,4087056.24,rolling_one_step_seasonal_naive
Counter-Strike,2021Q2,145.0,385177293.0,132.0,337271393.0,3851772.93,3372713.93,True,train,2021-04-01,3630158.2,rolling_one_step_seasonal_naive
Counter-Strike,2021Q3,143.0,534271529.0,132.0,441406768.0,5342715.29,4414067.68,True,train,2021-07-01,3348796.0,rolling_one_step_seasonal_naive
Counter-Strike,2021Q4,162.0,790538233.0,152.0,773637970.0,7905382.33,7736379.7,True,train,2021-10-01,4995064.09,rolling_one_step_seasonal_naive
Counter-Strike,2022Q1,135.0,398361758.0,127.0,309156357.0,3983617.58,3091563.57,True,train,2022-01-01,4832261.19,rolling_one_step_seasonal_naive
Counter-Strike,2022Q2,151.0,433901517.0,141.0,426357700.0,4339015.17,4263577.0,True,train,2022-04-01,3851772.93,rolling_one_step_seasonal_naive
Counter-Strike,2022Q3,125.0,374423309.0,106.0,270538003.0,3744233.09,2705380.03,True,train,2022-07-01,5342715.29,rolling_one_step_seasonal_naive
Counter-Strike,2022Q4,139.0,546880734.0,129.0,531648950.0,5468807.34,5316489.5,True,train,2022-10-01,7905382.33,rolling_one_step_seasonal_naive
Counter-Strike,2023Q1,114.0,405019509.0,105.0,395800481.0,4050195.09,3958004.81,True,train,2023-01-01,3983617.58,rolling_one_step_seasonal_naive
Counter-Strike,2023Q2,119.0,559760689.0,106.0,539040170.0,5597606.89,5390401.7,True,train,2023-04-01,4339015.17,rolling_one_step_seasonal_naive
Counter-Strike,2023Q3,124.0,571370116.0,115.0,559970116.0,5713701.16,5599701.16,True,train,2023-07-01,3744233.09,rolling_one_step_seasonal_naive
Counter-Strike,2023Q4,165.0,575601533.0,161.0,568928883.0,5756015.33,5689288.83,True,train,2023-10-01,5468807.34,rolling_one_step_seasonal_naive
Counter-Strike,2024Q1,99.0,374034601.0,93.0,364011601.0,3740346.01,3640116.01,True,validation,2024-01-01,4050195.09,rolling_one_step_seasonal_naive
Counter-Strike,2024Q2,111.0,582125328.0,110.0,547125328.0,5821253.28,5471253.28,True,validation,2024-04-01,5597606.89,rolling_one_step_seasonal_naive
Counter-Strike,2024Q3,89.0,699161441.0,85.0,512395596.0,6991614.41,5123955.96,True,validation,2024-07-01,5713701.16,rolling_one_step_seasonal_naive
Counter-Strike,2024Q4,65.0,546001435.0,62.0,544935435.0,5460014.35,5449354.35,True,validation,2024-10-01,5756015.33,rolling_one_step_seasonal_naive
Counter-Strike,2025Q1,93.0,529667741.0,84.0,409612190.0,5296677.41,4096121.9,True,test,2025-01-01,3740346.01,rolling_one_step_seasonal_naive
Counter-Strike,2025Q2,150.0,611685842.0,142.0,537078012.0,6116858.42,5370780.12,True,test,2025-04-01,5821253.28,rolling_one_step_seasonal_naive
Counter-Strike,2025Q3,41.0,482590463.0,39.0,434531598.0,4825904.63,4345315.98,True,test,2025-07-01,6991614.41,rolling_one_step_seasonal_naive
Counter-Strike,2025Q4,5.0,65602105.0,5.0,65602105.0,656021.05,656021.05,True,test,2025-10-01,5460014.35,rolling_one_step_seasonal_naive
Dota 2,2012Q1,14.0,4645054.0,14.0,4645054.0,46450.54,46450.54,True,train,2012-01-01,,rolling_one_step_seasonal_naive
Dota 2,2012Q2,28.0,11206935.0,27.0,10929443.0,112069.35,109294.43,True,train,2012-04-01,,rolling_one_step_seasonal_naive
Dota 2,2012Q3,25.0,166395458.0,24.0,166253985.0,1663954.58,1662539.85,True,train,2012-07-01,,rolling_one_step_seasonal_naive
Dota 2,2012Q4,34.0,34654816.0,31.0,30093838.0,346548.16,300938.38,True,train,2012-10-01,,rolling_one_step_seasonal_naive
Dota 2,2013Q1,32.0,21353145.0,31.0,16253145.0,213531.45,162531.45,True,train,2013-01-01,46450.54,rolling_one_step_seasonal_naive
Dota 2,2013Q2,32.0,46269953.0,30.0,23149178.0,462699.53,231491.78,True,train,2013-04-01,112069.35,rolling_one_step_seasonal_naive
Dota 2,2013Q3,35.0,343547454.0,35.0,343547454.0,3435474.54,3435474.54,True,train,2013-07-01,1663954.58,rolling_one_step_seasonal_naive
Dota 2,2013Q4,36.0,85710028.0,35.0,85710028.0,857100.28,857100.28,True,train,2013-10-01,346548.16,rolling_one_step_seasonal_naive
Dota 2,2014Q1,33.0,123023452.0,32.0,97323852.0,1230234.52,973238.52,True,train,2014-01-01,213531.45,rolling_one_step_seasonal_naive
Dota 2,2014Q2,33.0,77615875.0,31.0,65824001.0,776158.75,658240.01,True,train,2014-04-01,462699.53,rolling_one_step_seasonal_naive
Dota 2,2014Q3,37.0,1216852980.0,33.0,1191901851.0,12168529.8,11919018.51,True,train,2014-07-01,3435474.54,rolling_one_step_seasonal_naive
Dota 2,2014Q4,45.0,221741819.0,40.0,183864864.0,2217418.19,1838648.64,True,train,2014-10-01,857100.28,rolling_one_step_seasonal_naive
Dota 2,2015Q1,42.0,430142201.0,41.0,429842201.0,4301422.01,4298422.01,True,train,2015-01-01,1230234.52,rolling_one_step_seasonal_naive
Dota 2,2015Q2,74.0,197136790.0,70.0,141060933.0,1971367.9,1410609.33,True,train,2015-04-01,776158.75,rolling_one_step_seasonal_naive
Dota 2,2015Q3,50.0,1908504932.0,47.0,60966833.0,19085049.32,609668.33,True,train,2015-07-01,12168529.8,rolling_one_step_seasonal_naive
Dota 2,2015Q4,62.0,575878175.0,55.0,243497558.0,5758781.75,2434975.58,True,train,2015-10-01,2217418.19,rolling_one_step_seasonal_naive
Dota 2,2016Q1,43.0,393881803.0,41.0,386204303.0,3938818.03,3862043.03,True,train,2016-01-01,4301422.01,rolling_one_step_seasonal_naive
Dota 2,2016Q2,37.0,508908299.0,32.0,482031699.0,5089082.99,4820316.99,True,train,2016-04-01,1971367.9,rolling_one_step_seasonal_naive
Dota 2,2016Q3,33.0,2318222930.0,30.0,2218676130.0,23182229.3,22186761.3,True,train,2016-07-01,19085049.32,rolling_one_step_seasonal_naive
Dota 2,2016Q4,37.0,492721764.0,32.0,173805679.0,4927217.64,1738056.79,True,train,2016-10-01,5758781.75,rolling_one_step_seasonal_naive
Dota 2,2017Q1,38.0,306965884.0,34.0,238036189.0,3069658.84,2380361.89,True,train,2017-01-01,3938818.03,rolling_one_step_seasonal_naive
Dota 2,2017Q2,37.0,451159645.0,36.0,151159645.0,4511596.45,1511596.45,True,train,2017-04-01,5089082.99,rolling_one_step_seasonal_naive
Dota 2,2017Q3,42.0,2575042260.0,36.0,60244100.0,25750422.6,602441.0,True,train,2017-07-01,23182229.3,rolling_one_step_seasonal_naive
Dota 2,2017Q4,49.0,476739760.0,41.0,410739760.0,4767397.6,4107397.6,True,train,2017-10-01,4927217.64,rolling_one_step_seasonal_naive
Dota 2,2018Q1,40.0,722512867.0,32.0,563292307.0,7225128.67,5632923.07,True,train,2018-01-01,3069658.84,rolling_one_step_seasonal_naive
Dota 2,2018Q2,43.0,541966163.0,40.0,291091163.0,5419661.63,2910911.63,True,train,2018-04-01,4511596.45,rolling_one_step_seasonal_naive
Dota 2,2018Q3,30.0,2582629150.0,29.0,29411450.0,25826291.5,294114.5,True,train,2018-07-01,25750422.6,rolling_one_step_seasonal_naive
Dota 2,2018Q4,72.0,322123240.0,70.0,217763640.0,3221232.4,2177636.4,True,train,2018-10-01,4767397.6,rolling_one_step_seasonal_naive
Dota 2,2019Q1,46.0,457761214.0,46.0,457761214.0,4577612.14,4577612.14,True,train,2019-01-01,7225128.67,rolling_one_step_seasonal_naive
Dota 2,2019Q2,58.0,396730776.0,54.0,380817176.0,3967307.76,3808171.76,True,train,2019-04-01,5419661.63,rolling_one_step_seasonal_naive
Dota 2,2019Q3,77.0,3523859790.0,77.0,3523859790.0,35238597.9,35238597.9,True,train,2019-07-01,25826291.5,rolling_one_step_seasonal_naive
Dota 2,2019Q4,52.0,338683311.0,49.0,315235711.0,3386833.11,3152357.11,True,train,2019-10-01,3221232.4,rolling_one_step_seasonal_naive
Dota 2,2020Q1,37.0,266866208.0,35.0,236366208.0,2668662.08,2363662.08,True,train,2020-01-01,4577612.14,rolling_one_step_seasonal_naive
Dota 2,2020Q2,58.0,295443550.0,50.0,212336068.0,2954435.5,2123360.68,True,train,2020-04-01,3967307.76,rolling_one_step_seasonal_naive
Dota 2,2020Q3,33.0,180692859.0,33.0,180692859.0,1806928.59,1806928.59,True,train,2020-07-01,35238597.9,rolling_one_step_seasonal_naive
Dota 2,2020Q4,46.0,251560610.0,44.0,233252810.0,2515606.1,2332528.1,True,train,2020-10-01,3386833.11,rolling_one_step_seasonal_naive
Dota 2,2021Q1,29.0,252312866.0,27.0,252023861.0,2523128.66,2520238.61,True,train,2021-01-01,2668662.08,rolling_one_step_seasonal_naive
Dota 2,2021Q2,27.0,308461893.0,27.0,308461893.0,3084618.93,3084618.93,True,train,2021-04-01,2954435.5,rolling_one_step_seasonal_naive
Dota 2,2021Q3,23.0,155616605.0,20.0,120100445.0,1556166.05,1201004.45,True,train,2021-07-01,1806928.59,rolling_one_step_seasonal_naive
Dota 2,2021Q4,30.0,4219474482.0,27.0,4194411022.0,42194744.82,41944110.22,True,train,2021-10-01,2515606.1,rolling_one_step_seasonal_naive
Dota 2,2022Q1,38.0,329068742.0,34.0,266020302.0,3290687.42,2660203.02,True,train,2022-01-01,2523128.66,rolling_one_step_seasonal_naive
Dota 2,2022Q2,30.0,277342833.0,28.0,251842833.0,2773428.33,2518428.33,True,train,2022-04-01,3084618.93,rolling_one_step_seasonal_naive
Dota 2,2022Q3,27.0,574814173.0,26.0,154814173.0,5748141.73,1548141.73,True,train,2022-07-01,1556166.05,rolling_one_step_seasonal_naive
Dota 2,2022Q4,19.0,1958750100.0,19.0,1958750100.0,19587501.0,19587501.0,True,train,2022-10-01,42194744.82,rolling_one_step_seasonal_naive
Dota 2,2023Q1,41.0,388983032.0,34.0,336993032.0,3889830.32,3369930.32,True,train,2023-01-01,3290687.42,rolling_one_step_seasonal_naive
Dota 2,2023Q2,43.0,544641648.0,40.0,515641648.0,5446416.48,5156416.48,True,train,2023-04-01,2773428.33,rolling_one_step_seasonal_naive
Dota 2,2023Q3,24.0,1678853207.0,22.0,166753207.0,16788532.07,1667532.07,True,train,2023-07-01,5748141.73,rolling_one_step_seasonal_naive
Dota 2,2023Q4,19.0,470909664.0,19.0,470909664.0,4709096.64,4709096.64,True,train,2023-10-01,19587501.0,rolling_one_step_seasonal_naive
Dota 2,2024Q1,26.0,466373660.0,24.0,454889800.0,4663736.6,4548898.0,True,validation,2024-01-01,3889830.32,rolling_one_step_seasonal_naive
Dota 2,2024Q2,25.0,379520576.0,25.0,379520576.0,3795205.76,3795205.76,True,validation,2024-04-01,5446416.48,rolling_one_step_seasonal_naive
Dota 2,2024Q3,19.0,950470520.0,18.0,445470520.0,9504705.2,4454705.2,True,validation,2024-07-01,16788532.07,rolling_one_step_seasonal_naive
Dota 2,2024Q4,18.0,584901200.0,18.0,584901200.0,5849012.0,5849012.0,True,validation,2024-10-01,4709096.64,rolling_one_step_seasonal_naive
Dota 2,2025Q1,9.0,429200000.0,7.0,317000000.0,4292000.0,3170000.0,True,test,2025-01-01,4663736.6,rolling_one_step_seasonal_naive
Dota 2,2025Q2,7.0,530000000.0,7.0,530000000.0,5300000.0,5300000.0,True,test,2025-04-01,3795205.76,rolling_one_step_seasonal_naive
Dota 2,2025Q3,2.0,588146600.0,2.0,588146600.0,5881466.0,5881466.0,True,test,2025-07-01,9504705.2,rolling_one_step_seasonal_naive
Dota 2,2025Q4,1.0,100000000.0,1.0,100000000.0,1000000.0,1000000.0,True,test,2025-10-01,5849012.0,rolling_one_step_seasonal_naive
League of Legends,2012Q1,75.0,42864760.0,73.0,25811560.0,428647.6,258115.6,True,train,2012-01-01,,rolling_one_step_seasonal_naive
League of Legends,2012Q2,105.0,53527675.0,101.0,35759209.0,535276.75,357592.09,True,train,2012-04-01,,rolling_one_step_seasonal_naive
League of Legends,2012Q3,135.0,65792654.0,131.0,45292654.0,657926.54,452926.54,True,train,2012-07-01,,rolling_one_step_seasonal_naive
League of Legends,2012Q4,79.0,298058401.0,70.0,46381614.0,2980584.01,463816.14,True,train,2012-10-01,,rolling_one_step_seasonal_naive
League of Legends,2013Q1,91.0,82343805.0,88.0,62943805.0,823438.05,629438.05,True,train,2013-01-01,428647.6,rolling_one_step_seasonal_naive
League of Legends,2013Q2,84.0,123107373.0,78.0,86088454.0,1231073.73,860884.54,True,train,2013-04-01,535276.75,rolling_one_step_seasonal_naive
League of Legends,2013Q3,95.0,311631207.0,92.0,285334910.0,3116312.07,2853349.1,True,train,2013-07-01,657926.54,rolling_one_step_seasonal_naive
League of Legends,2013Q4,111.0,140893250.0,101.0,69192102.0,1408932.5,691921.02,True,train,2013-10-01,2980584.01,rolling_one_step_seasonal_naive
League of Legends,2014Q1,111.0,177239812.0,101.0,117403775.0,1772398.12,1174037.75,True,train,2014-01-01,823438.05,rolling_one_step_seasonal_naive
League of Legends,2014Q2,120.0,200927553.0,107.0,105645789.0,2009275.53,1056457.89,True,train,2014-04-01,1231073.73,rolling_one_step_seasonal_naive
League of Legends,2014Q3,98.0,277718454.0,93.0,62901579.0,2777184.54,629015.79,True,train,2014-07-01,3116312.07,rolling_one_step_seasonal_naive
League of Legends,2014Q4,96.0,110049606.0,88.0,82516148.0,1100496.06,825161.48,True,train,2014-10-01,1408932.5,rolling_one_step_seasonal_naive
League of Legends,2015Q1,89.0,196910944.0,82.0,162490976.0,1969109.44,1624909.76,True,train,2015-01-01,1772398.12,rolling_one_step_seasonal_naive
League of Legends,2015Q2,108.0,218622708.0,99.0,162802522.0,2186227.08,1628025.22,True,train,2015-04-01,2009275.53,rolling_one_step_seasonal_naive
League of Legends,2015Q3,49.0,31884156.0,45.0,29452939.0,318841.56,294529.39,True,train,2015-07-01,2777184.54,rolling_one_step_seasonal_naive
League of Legends,2015Q4,69.0,309129592.0,64.0,300032894.0,3091295.92,3000328.94,True,train,2015-10-01,1100496.06,rolling_one_step_seasonal_naive
League of Legends,2016Q1,46.0,194973274.0,43.0,164991353.0,1949732.74,1649913.53,True,train,2016-01-01,1969109.44,rolling_one_step_seasonal_naive
League of Legends,2016Q2,49.0,236534230.0,44.0,208326650.0,2365342.3,2083266.5,True,train,2016-04-01,2186227.08,rolling_one_step_seasonal_naive
League of Legends,2016Q3,35.0,541598799.0,35.0,541598799.0,5415987.99,5415987.99,True,train,2016-07-01,318841.56,rolling_one_step_seasonal_naive
League of Legends,2016Q4,44.0,78777511.0,42.0,75985862.0,787775.11,759858.62,True,train,2016-10-01,3091295.92,rolling_one_step_seasonal_naive
League of Legends,2017Q1,51.0,226856842.0,48.0,198933397.0,2268568.42,1989333.97,True,train,2017-01-01,1949732.74,rolling_one_step_seasonal_naive
League of Legends,2017Q2,47.0,394397996.0,45.0,367816133.0,3943979.96,3678161.33,True,train,2017-04-01,2365342.3,rolling_one_step_seasonal_naive
League of Legends,2017Q3,46.0,557206111.0,40.0,554959397.0,5572061.11,5549593.97,True,train,2017-07-01,5415987.99,rolling_one_step_seasonal_naive
League of Legends,2017Q4,51.0,64462520.0,49.0,63962520.0,644625.2,639625.2,True,train,2017-10-01,787775.11,rolling_one_step_seasonal_naive
League of Legends,2018Q1,66.0,256028796.0,61.0,216884771.0,2560287.96,2168847.71,True,train,2018-01-01,2268568.42,rolling_one_step_seasonal_naive
League of Legends,2018Q2,41.0,340853656.0,36.0,307899735.0,3408536.56,3078997.35,True,train,2018-04-01,3943979.96,rolling_one_step_seasonal_naive
League of Legends,2018Q3,42.0,136780882.0,40.0,132310390.0,1367808.82,1323103.9,True,train,2018-07-01,5572061.11,rolling_one_step_seasonal_naive
League of Legends,2018Q4,45.0,714850088.0,44.0,713116088.0,7148500.88,7131160.88,True,train,2018-10-01,644625.2,rolling_one_step_seasonal_naive
League of Legends,2019Q1,53.0,245621306.0,49.0,206111072.0,2456213.06,2061110.72,True,train,2019-01-01,2560287.96,rolling_one_step_seasonal_naive
League of Legends,2019Q2,79.0,376440106.0,74.0,340735317.0,3764401.06,3407353.17,True,train,2019-04-01,3408536.56,rolling_one_step_seasonal_naive
League of Legends,2019Q3,50.0,66042159.0,49.0,65848153.0,660421.59,658481.53,True,train,2019-07-01,1367808.82,rolling_one_step_seasonal_naive
League of Legends,2019Q4,27.0,365648311.0,27.0,365648311.0,3656483.11,3656483.11,True,train,2019-10-01,7148500.88,rolling_one_step_seasonal_naive
League of Legends,2020Q1,48.0,245300503.0,45.0,208126853.0,2453005.03,2081268.53,True,train,2020-01-01,2456213.06,rolling_one_step_seasonal_naive
League of Legends,2020Q2,35.0,274576628.0,34.0,249318416.0,2745766.28,2493184.16,True,train,2020-04-01,3764401.06,rolling_one_step_seasonal_naive
League of Legends,2020Q3,20.0,290713869.0,19.0,56713869.0,2907138.69,567138.69,True,train,2020-07-01,660421.59,rolling_one_step_seasonal_naive
League of Legends,2020Q4,20.0,63132150.0,18.0,47498395.0,631321.5,474983.95,True,train,2020-10-01,3656483.11,rolling_one_step_seasonal_naive
League of Legends,2021Q1,40.0,278122214.0,36.0,214193484.0,2781222.14,2141934.84,True,train,2021-01-01,2453005.03,rolling_one_step_seasonal_naive
League of Legends,2021Q2,38.0,246490605.0,37.0,213701545.0,2464906.05,2137015.45,True,train,2021-04-01,2745766.28,rolling_one_step_seasonal_naive
League of Legends,2021Q3,13.0,50150640.0,12.0,48150640.0,501506.4,481506.4,True,train,2021-07-01,2907138.69,rolling_one_step_seasonal_naive
League of Legends,2021Q4,18.0,257050637.0,18.0,257050637.0,2570506.37,2570506.37,True,train,2021-10-01,631321.5,rolling_one_step_seasonal_naive
League of Legends,2022Q1,35.0,246996753.0,31.0,201145633.0,2469967.53,2011456.33,True,train,2022-01-01,2781222.14,rolling_one_step_seasonal_naive
League of Legends,2022Q2,35.0,245148986.0,30.0,187127688.0,2451489.86,1871276.88,True,train,2022-04-01,2464906.05,rolling_one_step_seasonal_naive
League of Legends,2022Q3,17.0,282981209.0,15.0,270981209.0,2829812.09,2709812.09,True,train,2022-07-01,501506.4,rolling_one_step_seasonal_naive
League of Legends,2022Q4,17.0,48709047.0,16.0,47992047.0,487090.47,479920.47,True,train,2022-10-01,2570506.37,rolling_one_step_seasonal_naive
League of Legends,2023Q1,40.0,213489319.0,37.0,176539539.0,2134893.19,1765395.39,True,train,2023-01-01,2469967.53,rolling_one_step_seasonal_naive
League of Legends,2023Q2,40.0,265560188.0,35.0,206641681.0,2655601.88,2066416.81,True,train,2023-04-01,2451489.86,rolling_one_step_seasonal_naive
League of Legends,2023Q3,17.0,46657710.0,16.0,30453660.0,466577.1,304536.6,True,train,2023-07-01,2829812.09,rolling_one_step_seasonal_naive
League of Legends,2023Q4,20.0,253982016.0,19.0,253212016.0,2539820.16,2532120.16,True,train,2023-10-01,487090.47,rolling_one_step_seasonal_naive
League of Legends,2024Q1,32.0,185298738.0,30.0,150696322.0,1852987.38,1506963.22,True,validation,2024-01-01,2134893.19,rolling_one_step_seasonal_naive
League of Legends,2024Q2,31.0,231441965.0,28.0,188549015.0,2314419.65,1885490.15,True,validation,2024-04-01,2655601.88,rolling_one_step_seasonal_naive
League of Legends,2024Q3,14.0,394644175.0,13.0,289644175.0,3946441.75,2896441.75,True,validation,2024-07-01,466577.1,rolling_one_step_seasonal_naive
League of Legends,2024Q4,9.0,51604987.0,9.0,51604987.0,516049.87,516049.87,True,validation,2024-10-01,2539820.16,rolling_one_step_seasonal_naive
League of Legends,2025Q1,7.0,126803890.0,7.0,126803890.0,1268038.9,1268038.9,True,test,2025-01-01,1852987.38,rolling_one_step_seasonal_naive
League of Legends,2025Q2,2.0,201116320.0,2.0,201116320.0,2011163.2,2011163.2,True,test,2025-04-01,2314419.65,rolling_one_step_seasonal_naive
League of Legends,2025Q3,1.0,200000000.0,1.0,200000000.0,2000000.0,2000000.0,True,test,2025-07-01,3946441.75,rolling_one_step_seasonal_naive
League of Legends,2025Q4,,,,,,,False,test,2025-10-01,516049.87,rolling_one_step_seasonal_naive
Valorant,2012Q1,,,,,,,False,train,2012-01-01,,rolling_one_step_seasonal_naive
Valorant,2012Q2,,,,,,,False,train,2012-04-01,,rolling_one_step_seasonal_naive
Valorant,2012Q3,,,,,,,False,train,2012-07-01,,rolling_one_step_seasonal_naive
Valorant,2012Q4,,,,,,,False,train,2012-10-01,,rolling_one_step_seasonal_naive
Valorant,2013Q1,,,,,,,False,train,2013-01-01,,rolling_one_step_seasonal_naive
Valorant,2013Q2,,,,,,,False,train,2013-04-01,,rolling_one_step_seasonal_naive
Valorant,2013Q3,,,,,,,False,train,2013-07-01,,rolling_one_step_seasonal_naive
Valorant,2013Q4,,,,,,,False,train,2013-10-01,,rolling_one_step_seasonal_naive
Valorant,2014Q1,,,,,,,False,train,2014-01-01,,rolling_one_step_seasonal_naive
Valorant,2014Q2,,,,,,,False,train,2014-04-01,,rolling_one_step_seasonal_naive
Valorant,2014Q3,,,,,,,False,train,2014-07-01,,rolling_one_step_seasonal_naive
Valorant,2014Q4,,,,,,,False,train,2014-10-01,,rolling_one_step_seasonal_naive
Valorant,2015Q1,,,,,,,False,train,2015-01-01,,rolling_one_step_seasonal_naive
Valorant,2015Q2,,,,,,,False,train,2015-04-01,,rolling_one_step_seasonal_naive
Valorant,2015Q3,,,,,,,False,train,2015-07-01,,rolling_one_step_seasonal_naive
Valorant,2015Q4,,,,,,,False,train,2015-10-01,,rolling_one_step_seasonal_naive
Valorant,2016Q1,,,,,,,False,train,2016-01-01,,rolling_one_step_seasonal_naive
Valorant,2016Q2,,,,,,,False,train,2016-04-01,,rolling_one_step_seasonal_naive
Valorant,2016Q3,,,,,,,False,train,2016-07-01,,rolling_one_step_seasonal_naive
Valorant,2016Q4,,,,,,,False,train,2016-10-01,,rolling_one_step_seasonal_naive
Valorant,2017Q1,,,,,,,False,train,2017-01-01,,rolling_one_step_seasonal_naive
Valorant,2017Q2,,,,,,,False,train,2017-04-01,,rolling_one_step_seasonal_naive
Valorant,2017Q3,,,,,,,False,train,2017-07-01,,rolling_one_step_seasonal_naive
Valorant,2017Q4,,,,,,,False,train,2017-10-01,,rolling_one_step_seasonal_naive
Valorant,2018Q1,,,,,,,False,train,2018-01-01,,rolling_one_step_seasonal_naive
Valorant,2018Q2,,,,,,,False,train,2018-04-01,,rolling_one_step_seasonal_naive
Valorant,2018Q3,,,,,,,False,train,2018-07-01,,rolling_one_step_seasonal_naive
Valorant,2018Q4,,,,,,,False,train,2018-10-01,,rolling_one_step_seasonal_naive
Valorant,2019Q1,,,,,,,False,train,2019-01-01,,rolling_one_step_seasonal_naive
Valorant,2019Q2,,,,,,,False,train,2019-04-01,,rolling_one_step_seasonal_naive
Valorant,2019Q3,,,,,,,False,train,2019-07-01,,rolling_one_step_seasonal_naive
Valorant,2019Q4,,,,,,,False,train,2019-10-01,,rolling_one_step_seasonal_naive
Valorant,2020Q1,,,,,,,False,train,2020-01-01,,rolling_one_step_seasonal_naive
Valorant,2020Q2,163.0,57685408.0,161.0,57290408.0,576854.08,572904.08,True,train,2020-04-01,,rolling_one_step_seasonal_naive
Valorant,2020Q3,121.0,79099941.0,117.0,76298625.0,790999.41,762986.25,True,train,2020-07-01,,rolling_one_step_seasonal_naive
Valorant,2020Q4,89.0,114409561.0,83.0,93339228.0,1144095.61,933392.28,True,train,2020-10-01,,rolling_one_step_seasonal_naive
Valorant,2021Q1,102.0,165988011.0,97.0,149121345.0,1659880.11,1491213.45,True,train,2021-01-01,,rolling_one_step_seasonal_naive
Valorant,2021Q2,112.0,178569036.0,109.0,170273416.0,1785690.36,1702734.16,True,train,2021-04-01,576854.08,rolling_one_step_seasonal_naive
Valorant,2021Q3,94.0,193027999.0,85.0,179309417.0,1930279.99,1793094.17,True,train,2021-07-01,790999.41,rolling_one_step_seasonal_naive
Valorant,2021Q4,89.0,177269177.0,86.0,171369177.0,1772691.77,1713691.77,True,train,2021-10-01,1144095.61,rolling_one_step_seasonal_naive
Valorant,2022Q1,56.0,130469733.0,51.0,113463327.0,1304697.33,1134633.27,True,train,2022-01-01,1659880.11,rolling_one_step_seasonal_naive
Valorant,2022Q2,62.0,203795797.0,55.0,118450833.0,2037957.97,1184508.33,True,train,2022-04-01,1785690.36,rolling_one_step_seasonal_naive
Valorant,2022Q3,47.0,229252519.0,44.0,226106319.0,2292525.19,2261063.19,True,train,2022-07-01,1930279.99,rolling_one_step_seasonal_naive
Valorant,2022Q4,63.0,147505650.0,59.0,139911501.0,1475056.5,1399115.01,True,train,2022-10-01,1772691.77,rolling_one_step_seasonal_naive
Valorant,2023Q1,70.0,206524720.0,67.0,196088020.0,2065247.2,1960880.2,True,train,2023-01-01,1304697.33,rolling_one_step_seasonal_naive
Valorant,2023Q2,56.0,259910613.0,54.0,243768613.0,2599106.13,2437686.13,True,train,2023-04-01,2037957.97,rolling_one_step_seasonal_naive
Valorant,2023Q3,50.0,277449683.0,47.0,273312680.0,2774496.83,2733126.8,True,train,2023-07-01,2292525.19,rolling_one_step_seasonal_naive
Valorant,2023Q4,55.0,146242511.0,50.0,133166084.0,1462425.11,1331660.84,True,train,2023-10-01,1475056.5,rolling_one_step_seasonal_naive
Valorant,2024Q1,38.0,138040375.0,33.0,116638639.0,1380403.75,1166386.39,True,validation,2024-01-01,2065247.2,rolling_one_step_seasonal_naive
Valorant,2024Q2,42.0,261197619.0,39.0,251182644.0,2611976.19,2511826.44,True,validation,2024-04-01,2599106.13,rolling_one_step_seasonal_naive
Valorant,2024Q3,10.0,238634052.0,10.0,238634052.0,2386340.52,2386340.52,True,validation,2024-07-01,2774496.83,rolling_one_step_seasonal_naive
Valorant,2024Q4,7.0,78096930.0,5.0,66296930.0,780969.3,662969.3,True,validation,2024-10-01,1462425.11,rolling_one_step_seasonal_naive
Valorant,2025Q1,4.0,52942068.0,4.0,52942068.0,529420.68,529420.68,True,test,2025-01-01,1380403.75,rolling_one_step_seasonal_naive
Valorant,2025Q2,,,,,,,False,test,2025-04-01,2611976.19,rolling_one_step_seasonal_naive
Valorant,2025Q3,1.0,125000000.0,1.0,125000000.0,1250000.0,1250000.0,True,test,2025-07-01,2386340.52,rolling_one_step_seasonal_naive
Valorant,2025Q4,,,,,,,False,test,2025-10-01,780969.3,rolling_one_step_seasonal_naive
