rank,game,month,year,hours_watched,hours_streamed,peak_viewers,peak_channels,streamers,avg_viewers,avg_channels,avg_viewer_ratio,source_row_number,month_start,platform,measurement_level,source_category_raw,source_category,source_file,quality_status,game_family,analysis_role,hours_watched_iqr_flag,avg_viewers_iqr_flag,peak_viewers_iqr_flag,split
1,League of Legends,1,2016,94377226,1362044,530270,2903,129172,127021,1833,69.29,2,2016-01-01,Twitch,game_month,League of Legends,League of Legends,C:\Users\dthin\Downloads\Twitch_game_data.csv,usable,League of Legends,main,False,False,False,train
2,Counter-Strike: Global Offensive,1,2016,47832863,830105,372654,2197,120849,64378,1117,57.62,3,2016-01-01,Twitch,game_month,Counter-Strike: Global Offensive,Counter-Strike: Global Offensive,C:\Users\dthin\Downloads\Twitch_game_data.csv,usable,Counter-Strike,main,False,False,False,train
3,Dota 2,1,2016,45185893,433397,315083,1100,44074,60815,583,104.26,4,2016-01-01,Twitch,game_month,Dota 2,Dota 2,C:\Users\dthin\Downloads\Twitch_game_data.csv,usable,Dota 2,main,False,False,False,train
1,League of Legends,2,2016,93154772,1266715,475784,2712,117996,134035,1822,73.54,202,2016-02-01,Twitch,game_month,League of Legends,League of Legends,C:\Users\dthin\Downloads\Twitch_game_data.csv,usable,League of Legends,main,False,False,False,train
2,Counter-Strike: Global Offensive,2,2016,44933218,754901,235027,2097,106074,64652,1086,59.52,203,2016-02-01,Twitch,game_month,Counter-Strike: Global Offensive,Counter-Strike: Global Offensive,C:\Users\dthin\Downloads\Twitch_game_data.csv,usable,Counter-Strike,main,False,False,False,train
3,Dota 2,2,2016,41174229,384500,241065,1015,36912,59243,553,107.09,204,2016-02-01,Twitch,game_month,Dota 2,Dota 2,C:\Users\dthin\Downloads\Twitch_game_data.csv,usable,Dota 2,main,False,False,False,train
1,League of Legends,3,2016,94514511,1264029,599114,2585,117734,127206,1701,74.77,402,2016-03-01,Twitch,game_month,League of Legends,League of Legends,C:\Users\dthin\Downloads\Twitch_game_data.csv,usable,League of Legends,main,False,False,False,train
2,Counter-Strike: Global Offensive,3,2016,71963213,742531,784934,1940,104144,96854,999,96.92,403,2016-03-01,Twitch,game_month,Counter-Strike: Global Offensive,Counter-Strike: Global Offensive,C:\Users\dthin\Downloads\Twitch_game_data.csv,usable,Counter-Strike,main,False,False,False,train
3,Dota 2,3,2016,42565423,363215,339020,952,34612,57288,488,117.19,404,2016-03-01,Twitch,game_month,Dota 2,Dota 2,C:\Users\dthin\Downloads\Twitch_game_data.csv,usable,Dota 2,main,False,False,False,train
3,Dota 2,4,2016,42691310,319832,341103,815,30056,59375,444,133.48,604,2016-04-01,Twitch,game_month,Dota 2,Dota 2,C:\Users\dthin\Downloads\Twitch_game_data.csv,usable,Dota 2,main,False,False,False,train
2,Counter-Strike: Global Offensive,4,2016,71723213,721644,1059002,2119,97614,99754,1003,99.39,603,2016-04-01,Twitch,game_month,Counter-Strike: Global Offensive,Counter-Strike: Global Offensive,C:\Users\dthin\Downloads\Twitch_game_data.csv,usable,Counter-Strike,main,False,False,False,train
1,League of Legends,4,2016,88389049,1217250,553165,2945,113251,122933,1692,72.61,602,2016-04-01,Twitch,game_month,League of Legends,League of Legends,C:\Users\dthin\Downloads\Twitch_game_data.csv,usable,League of Legends,main,False,False,False,train
1,League of Legends,5,2016,80679320,1196096,433005,2635,118593,108585,1609,67.45,802,2016-05-01,Twitch,game_month,League of Legends,League of Legends,C:\Users\dthin\Downloads\Twitch_game_data.csv,usable,League of Legends,main,False,False,False,train
3,Dota 2,5,2016,46816065,310231,321688,778,31165,63009,417,150.91,804,2016-05-01,Twitch,game_month,Dota 2,Dota 2,C:\Users\dthin\Downloads\Twitch_game_data.csv,usable,Dota 2,main,False,False,False,train
4,Counter-Strike: Global Offensive,5,2016,44882927,663528,347527,1856,101483,60407,893,67.64,805,2016-05-01,Twitch,game_month,Counter-Strike: Global Offensive,Counter-Strike: Global Offensive,C:\Users\dthin\Downloads\Twitch_game_data.csv,usable,Counter-Strike,main,False,False,False,train
1,League of Legends,6,2016,81348505,1037242,346059,2131,102620,113141,1442,78.43,1002,2016-06-01,Twitch,game_month,League of Legends,League of Legends,C:\Users\dthin\Downloads\Twitch_game_data.csv,usable,League of Legends,main,False,False,False,train
2,Dota 2,6,2016,56363873,272972,483285,675,27730,78392,379,206.48,1003,2016-06-01,Twitch,game_month,Dota 2,Dota 2,C:\Users\dthin\Downloads\Twitch_game_data.csv,usable,Dota 2,main,False,False,False,train
3,Counter-Strike: Global Offensive,6,2016,36137071,576786,226858,1615,86923,50260,802,62.65,1004,2016-06-01,Twitch,game_month,Counter-Strike: Global Offensive,Counter-Strike: Global Offensive,C:\Users\dthin\Downloads\Twitch_game_data.csv,usable,Counter-Strike,main,False,False,False,train
1,League of Legends,7,2016,77871713,1004238,296196,2089,105041,104807,1351,77.54,1202,2016-07-01,Twitch,game_month,League of Legends,League of Legends,C:\Users\dthin\Downloads\Twitch_game_data.csv,usable,League of Legends,main,False,False,False,train
2,Counter-Strike: Global Offensive,7,2016,52953297,596141,726674,1441,94538,71269,802,88.83,1203,2016-07-01,Twitch,game_month,Counter-Strike: Global Offensive,Counter-Strike: Global Offensive,C:\Users\dthin\Downloads\Twitch_game_data.csv,usable,Counter-Strike,main,False,False,False,train
3,Dota 2,7,2016,32509829,277739,200212,807,29653,43754,373,117.05,1204,2016-07-01,Twitch,game_month,Dota 2,Dota 2,C:\Users\dthin\Downloads\Twitch_game_data.csv,usable,Dota 2,main,False,False,False,train
4,Counter-Strike: Global Offensive,8,2016,26252677,642691,152628,1595,91934,35333,864,40.85,1405,2016-08-01,Twitch,game_month,Counter-Strike: Global Offensive,Counter-Strike: Global Offensive,C:\Users\dthin\Downloads\Twitch_game_data.csv,usable,Counter-Strike,main,False,False,False,train
2,Dota 2,8,2016,52492132,289605,623824,796,29645,70648,389,181.25,1403,2016-08-01,Twitch,game_month,Dota 2,Dota 2,C:\Users\dthin\Downloads\Twitch_game_data.csv,usable,Dota 2,main,False,False,True,train
1,League of Legends,8,2016,81684707,1097258,502181,2177,105795,109939,1476,74.44,1402,2016-08-01,Twitch,game_month,League of Legends,League of Legends,C:\Users\dthin\Downloads\Twitch_game_data.csv,usable,League of Legends,main,False,False,False,train
1,League of Legends,9,2016,81064642,1087244,711103,2493,110946,112746,1512,74.56,1602,2016-09-01,Twitch,game_month,League of Legends,League of Legends,C:\Users\dthin\Downloads\Twitch_game_data.csv,usable,League of Legends,main,False,False,False,train
3,Counter-Strike: Global Offensive,9,2016,30761358,548932,305793,1610,85839,42783,763,56.04,1604,2016-09-01,Twitch,game_month,Counter-Strike: Global Offensive,Counter-Strike: Global Offensive,C:\Users\dthin\Downloads\Twitch_game_data.csv,usable,Counter-Strike,main,False,False,False,train
5,Dota 2,9,2016,24806196,296977,99044,768,30396,34500,413,83.53,1606,2016-09-01,Twitch,game_month,Dota 2,Dota 2,C:\Users\dthin\Downloads\Twitch_game_data.csv,usable,Dota 2,main,False,False,False,train
1,League of Legends,10,2016,104305242,1155966,952308,2591,111071,140383,1555,90.23,1802,2016-10-01,Twitch,game_month,League of Legends,League of Legends,C:\Users\dthin\Downloads\Twitch_game_data.csv,usable,League of Legends,main,False,False,False,train
3,Counter-Strike: Global Offensive,10,2016,35446861,577243,336075,1646,86193,47707,776,61.41,1804,2016-10-01,Twitch,game_month,Counter-Strike: Global Offensive,Counter-Strike: Global Offensive,C:\Users\dthin\Downloads\Twitch_game_data.csv,usable,Counter-Strike,main,False,False,False,train
4,Dota 2,10,2016,33623777,305625,217120,860,28069,45254,411,110.02,1805,2016-10-01,Twitch,game_month,Dota 2,Dota 2,C:\Users\dthin\Downloads\Twitch_game_data.csv,usable,Dota 2,main,False,False,False,train
1,League of Legends,11,2016,76730765,1127714,263539,2903,103085,106718,1568,68.04,2002,2016-11-01,Twitch,game_month,League of Legends,League of Legends,C:\Users\dthin\Downloads\Twitch_game_data.csv,usable,League of Legends,main,False,False,False,train
3,Dota 2,11,2016,33372697,296445,173538,879,25369,46415,412,112.58,2004,2016-11-01,Twitch,game_month,Dota 2,Dota 2,C:\Users\dthin\Downloads\Twitch_game_data.csv,usable,Dota 2,main,False,False,False,train
4,Counter-Strike: Global Offensive,11,2016,32928974,574651,219844,1669,77914,45798,799,57.3,2005,2016-11-01,Twitch,game_month,Counter-Strike: Global Offensive,Counter-Strike: Global Offensive,C:\Users\dthin\Downloads\Twitch_game_data.csv,usable,Counter-Strike,main,False,False,False,train
4,Counter-Strike: Global Offensive,12,2016,30576246,594414,240717,1731,27104,41152,800,51.44,2205,2016-12-01,Twitch,game_month,Counter-Strike: Global Offensive,Counter-Strike: Global Offensive,C:\Users\dthin\Downloads\Twitch_game_data.csv,usable,Counter-Strike,main,False,False,False,train
3,Dota 2,12,2016,44984545,302113,431587,816,8792,60544,406,148.9,2204,2016-12-01,Twitch,game_month,Dota 2,Dota 2,C:\Users\dthin\Downloads\Twitch_game_data.csv,usable,Dota 2,main,False,False,False,train
1,League of Legends,12,2016,81349398,1241696,323032,2562,36118,109487,1671,65.51,2202,2016-12-01,Twitch,game_month,League of Legends,League of Legends,C:\Users\dthin\Downloads\Twitch_game_data.csv,usable,League of Legends,main,False,False,False,train
1,League of Legends,1,2017,99332369,1363324,379399,2868,129423,133690,1834,72.86,2402,2017-01-01,Twitch,game_month,League of Legends,League of Legends,C:\Users\dthin\Downloads\Twitch_game_data.csv,usable,League of Legends,main,False,False,False,train
2,Counter-Strike: Global Offensive,1,2017,72376812,694606,1233293,2177,110118,97411,934,104.2,2403,2017-01-01,Twitch,game_month,Counter-Strike: Global Offensive,Counter-Strike: Global Offensive,C:\Users\dthin\Downloads\Twitch_game_data.csv,usable,Counter-Strike,main,False,False,True,train
3,Dota 2,1,2017,39036428,359580,231960,877,33380,52538,483,108.56,2404,2017-01-01,Twitch,game_month,Dota 2,Dota 2,C:\Users\dthin\Downloads\Twitch_game_data.csv,usable,Dota 2,main,False,False,False,train
1,League of Legends,2,2017,99415477,1209135,386334,2770,114317,148160,1801,82.22,2602,2017-02-01,Twitch,game_month,League of Legends,League of Legends,C:\Users\dthin\Downloads\Twitch_game_data.csv,usable,League of Legends,main,False,False,False,train
2,Counter-Strike: Global Offensive,2,2017,40480425,677884,459482,2078,100125,60328,1010,59.72,2603,2017-02-01,Twitch,game_month,Counter-Strike: Global Offensive,Counter-Strike: Global Offensive,C:\Users\dthin\Downloads\Twitch_game_data.csv,usable,Counter-Strike,main,False,False,False,train
4,Dota 2,2,2017,32115223,326907,220700,1063,29259,47861,487,98.24,2605,2017-02-01,Twitch,game_month,Dota 2,Dota 2,C:\Users\dthin\Downloads\Twitch_game_data.csv,usable,Dota 2,main,False,False,False,train
1,League of Legends,3,2017,90835130,1189566,325835,2465,96112,122254,1601,76.36,2802,2017-03-01,Twitch,game_month,League of Legends,League of Legends,C:\Users\dthin\Downloads\Twitch_game_data.csv,usable,League of Legends,main,False,False,False,train
3,Dota 2,3,2017,38381634,333056,325165,1228,24240,51657,448,115.24,2804,2017-03-01,Twitch,game_month,Dota 2,Dota 2,C:\Users\dthin\Downloads\Twitch_game_data.csv,usable,Dota 2,main,False,False,False,train
4,Counter-Strike: Global Offensive,3,2017,36870753,703107,508269,2086,84382,49624,946,52.44,2805,2017-03-01,Twitch,game_month,Counter-Strike: Global Offensive,Counter-Strike: Global Offensive,C:\Users\dthin\Downloads\Twitch_game_data.csv,usable,Counter-Strike,main,False,False,False,train
5,Counter-Strike: Global Offensive,4,2017,36569260,630577,417435,1805,82803,50861,877,57.99,3006,2017-04-01,Twitch,game_month,Counter-Strike: Global Offensive,Counter-Strike: Global Offensive,C:\Users\dthin\Downloads\Twitch_game_data.csv,usable,Counter-Strike,main,False,False,False,train
1,League of Legends,4,2017,82852693,1179314,489683,2540,97370,115233,1640,70.25,3002,2017-04-01,Twitch,game_month,League of Legends,League of Legends,C:\Users\dthin\Downloads\Twitch_game_data.csv,usable,League of Legends,main,False,False,False,train
3,Dota 2,4,2017,49040667,284239,671452,923,21427,68206,395,172.53,3004,2017-04-01,Twitch,game_month,Dota 2,Dota 2,C:\Users\dthin\Downloads\Twitch_game_data.csv,usable,Dota 2,main,False,False,True,train
1,League of Legends,5,2017,87929525,1231374,647413,2498,121711,118343,1657,71.41,3202,2017-05-01,Twitch,game_month,League of Legends,League of Legends,C:\Users\dthin\Downloads\Twitch_game_data.csv,usable,League of Legends,main,False,False,False,train
4,Dota 2,5,2017,34349470,312599,215761,860,28614,46230,420,109.88,3205,2017-05-01,Twitch,game_month,Dota 2,Dota 2,C:\Users\dthin\Downloads\Twitch_game_data.csv,usable,Dota 2,main,False,False,False,train
5,Counter-Strike: Global Offensive,5,2017,23364660,614559,194589,1671,101064,31446,827,38.02,3206,2017-05-01,Twitch,game_month,Counter-Strike: Global Offensive,Counter-Strike: Global Offensive,C:\Users\dthin\Downloads\Twitch_game_data.csv,usable,Counter-Strike,main,False,False,False,train
1,League of Legends,6,2017,84467396,1149523,280837,2330,116484,117478,1598,73.48,3402,2017-06-01,Twitch,game_month,League of Legends,League of Legends,C:\Users\dthin\Downloads\Twitch_game_data.csv,usable,League of Legends,main,False,False,False,train
3,Dota 2,6,2017,41458911,303654,337968,933,28415,57661,422,136.53,3404,2017-06-01,Twitch,game_month,Dota 2,Dota 2,C:\Users\dthin\Downloads\Twitch_game_data.csv,usable,Dota 2,main,False,False,False,train
6,Counter-Strike: Global Offensive,6,2017,21829455,566198,284324,1474,98244,30360,787,38.55,3407,2017-06-01,Twitch,game_month,Counter-Strike: Global Offensive,Counter-Strike: Global Offensive,C:\Users\dthin\Downloads\Twitch_game_data.csv,usable,Counter-Strike,main,False,False,False,train
2,Counter-Strike: Global Offensive,7,2017,68139030,625409,945413,1574,105071,91707,841,108.95,3603,2017-07-01,Twitch,game_month,Counter-Strike: Global Offensive,Counter-Strike: Global Offensive,C:\Users\dthin\Downloads\Twitch_game_data.csv,usable,Counter-Strike,main,False,False,False,train
5,Dota 2,7,2017,24378147,322095,111186,825,29425,32810,433,75.69,3606,2017-07-01,Twitch,game_month,Dota 2,Dota 2,C:\Users\dthin\Downloads\Twitch_game_data.csv,usable,Dota 2,main,False,False,False,train
1,League of Legends,7,2017,84734733,1301262,326063,2481,125411,114044,1751,65.12,3602,2017-07-01,Twitch,game_month,League of Legends,League of Legends,C:\Users\dthin\Downloads\Twitch_game_data.csv,usable,League of Legends,main,False,False,False,train
2,League of Legends,8,2017,72054710,1260651,343402,2668,121195,96978,1696,57.16,3803,2017-08-01,Twitch,game_month,League of Legends,League of Legends,C:\Users\dthin\Downloads\Twitch_game_data.csv,usable,League of Legends,main,False,False,False,train
3,Dota 2,8,2017,58671453,303454,845577,704,28695,78965,408,193.35,3804,2017-08-01,Twitch,game_month,Dota 2,Dota 2,C:\Users\dthin\Downloads\Twitch_game_data.csv,usable,Dota 2,main,False,False,True,train
5,Counter-Strike: Global Offensive,8,2017,20163803,642880,209561,1588,105110,27138,865,31.36,3806,2017-08-01,Twitch,game_month,Counter-Strike: Global Offensive,Counter-Strike: Global Offensive,C:\Users\dthin\Downloads\Twitch_game_data.csv,usable,Counter-Strike,main,False,False,False,train
1,League of Legends,9,2017,74422199,1229324,377429,2620,118820,103507,1709,60.54,4002,2017-09-01,Twitch,game_month,League of Legends,League of Legends,C:\Users\dthin\Downloads\Twitch_game_data.csv,usable,League of Legends,main,False,False,False,train
4,Dota 2,9,2017,29046828,301995,206831,718,26486,40398,420,96.18,4005,2017-09-01,Twitch,game_month,Dota 2,Dota 2,C:\Users\dthin\Downloads\Twitch_game_data.csv,usable,Dota 2,main,False,False,False,train
5,Counter-Strike: Global Offensive,9,2017,27290465,557376,287694,1521,91958,37956,775,48.96,4006,2017-09-01,Twitch,game_month,Counter-Strike: Global Offensive,Counter-Strike: Global Offensive,C:\Users\dthin\Downloads\Twitch_game_data.csv,usable,Counter-Strike,main,False,False,False,train
5,Counter-Strike: Global Offensive,10,2017,28388369,593047,576773,1645,95811,38207,798,47.87,4206,2017-10-01,Twitch,game_month,Counter-Strike: Global Offensive,Counter-Strike: Global Offensive,C:\Users\dthin\Downloads\Twitch_game_data.csv,usable,Counter-Strike,main,False,False,False,train
1,League of Legends,10,2017,94680105,1322094,873340,2848,125262,127429,1779,71.61,4202,2017-10-01,Twitch,game_month,League of Legends,League of Legends,C:\Users\dthin\Downloads\Twitch_game_data.csv,usable,League of Legends,main,False,False,False,train
4,Dota 2,10,2017,31623627,315955,279878,750,27120,42562,425,100.09,4205,2017-10-01,Twitch,game_month,Dota 2,Dota 2,C:\Users\dthin\Downloads\Twitch_game_data.csv,usable,Dota 2,main,False,False,False,train
5,Counter-Strike: Global Offensive,11,2017,25703362,574183,287276,1552,91409,35748,798,44.77,4406,2017-11-01,Twitch,game_month,Counter-Strike: Global Offensive,Counter-Strike: Global Offensive,C:\Users\dthin\Downloads\Twitch_game_data.csv,usable,Counter-Strike,main,False,False,False,train
3,Dota 2,11,2017,39629718,342701,227242,826,28991,55117,476,115.64,4404,2017-11-01,Twitch,game_month,Dota 2,Dota 2,C:\Users\dthin\Downloads\Twitch_game_data.csv,usable,Dota 2,main,False,False,False,train
1,League of Legends,11,2017,82917485,1342443,1084257,2869,130486,115323,1867,61.77,4402,2017-11-01,Twitch,game_month,League of Legends,League of Legends,C:\Users\dthin\Downloads\Twitch_game_data.csv,usable,League of Legends,main,False,False,False,train
1,League of Legends,12,2017,68756773,1385791,324792,3235,137669,92539,1865,49.62,4602,2017-12-01,Twitch,game_month,League of Legends,League of Legends,C:\Users\dthin\Downloads\Twitch_game_data.csv,usable,League of Legends,main,False,False,False,train
4,Dota 2,12,2017,32147397,357781,293383,815,30493,43267,481,89.85,4605,2017-12-01,Twitch,game_month,Dota 2,Dota 2,C:\Users\dthin\Downloads\Twitch_game_data.csv,usable,Dota 2,main,False,False,False,train
7,Counter-Strike: Global Offensive,12,2017,18625865,642004,229676,1738,103821,25068,864,29.01,4608,2017-12-01,Twitch,game_month,Counter-Strike: Global Offensive,Counter-Strike: Global Offensive,C:\Users\dthin\Downloads\Twitch_game_data.csv,usable,Counter-Strike,main,False,False,False,train
1,League of Legends,1,2018,89024896,1774648,435859,4809,165074,119818,2388,50.16,4802,2018-01-01,Twitch,game_month,League of Legends,League of Legends,C:\Users\dthin\Downloads\Twitch_game_data.csv,usable,League of Legends,main,False,False,False,train
2,Counter-Strike: Global Offensive,1,2018,69603467,784226,1298358,1978,125843,93678,1055,88.75,4803,2018-01-01,Twitch,game_month,Counter-Strike: Global Offensive,Counter-Strike: Global Offensive,C:\Users\dthin\Downloads\Twitch_game_data.csv,usable,Counter-Strike,main,False,False,True,train
8,Dota 2,1,2018,30921434,409908,182289,909,34045,41617,551,75.44,4809,2018-01-01,Twitch,game_month,Dota 2,Dota 2,C:\Users\dthin\Downloads\Twitch_game_data.csv,usable,Dota 2,main,False,False,False,train
4,Counter-Strike: Global Offensive,2,2018,37486546,778934,360635,2315,120998,55866,1160,48.13,5005,2018-02-01,Twitch,game_month,Counter-Strike: Global Offensive,Counter-Strike: Global Offensive,C:\Users\dthin\Downloads\Twitch_game_data.csv,usable,Counter-Strike,main,False,False,False,train
5,Dota 2,2,2018,32977773,385397,285802,966,32216,49147,574,85.57,5006,2018-02-01,Twitch,game_month,Dota 2,Dota 2,C:\Users\dthin\Downloads\Twitch_game_data.csv,usable,Dota 2,main,False,False,False,train
1,League of Legends,2,2018,81115898,1565610,305040,3531,145155,120888,2333,51.81,5002,2018-02-01,Twitch,game_month,League of Legends,League of Legends,C:\Users\dthin\Downloads\Twitch_game_data.csv,usable,League of Legends,main,False,False,False,train
2,League of Legends,3,2018,88820363,1589810,362400,3212,147060,119542,2139,55.87,5203,2018-03-01,Twitch,game_month,League of Legends,League of Legends,C:\Users\dthin\Downloads\Twitch_game_data.csv,usable,League of Legends,main,False,False,False,train
4,Dota 2,3,2018,40110394,421360,397940,1473,34579,53984,567,95.19,5205,2018-03-01,Twitch,game_month,Dota 2,Dota 2,C:\Users\dthin\Downloads\Twitch_game_data.csv,usable,Dota 2,main,False,False,False,train
7,Counter-Strike: Global Offensive,3,2018,28078226,790038,490657,2336,121083,37790,1063,35.54,5208,2018-03-01,Twitch,game_month,Counter-Strike: Global Offensive,Counter-Strike: Global Offensive,C:\Users\dthin\Downloads\Twitch_game_data.csv,usable,Counter-Strike,main,False,False,False,train
2,League of Legends,4,2018,74263170,1459786,476710,3849,138062,103286,2030,50.87,5403,2018-04-01,Twitch,game_month,League of Legends,League of Legends,C:\Users\dthin\Downloads\Twitch_game_data.csv,usable,League of Legends,main,False,False,False,train
5,Dota 2,4,2018,40141922,401310,310168,1386,32117,55830,558,100.03,5406,2018-04-01,Twitch,game_month,Dota 2,Dota 2,C:\Users\dthin\Downloads\Twitch_game_data.csv,usable,Dota 2,main,False,False,False,train
8,Counter-Strike: Global Offensive,4,2018,22925690,661902,321506,1869,105690,31885,920,34.64,5409,2018-04-01,Twitch,game_month,Counter-Strike: Global Offensive,Counter-Strike: Global Offensive,C:\Users\dthin\Downloads\Twitch_game_data.csv,usable,Counter-Strike,main,False,False,False,train
8,Counter-Strike: Global Offensive,5,2018,26429452,612457,242438,1566,103243,35571,824,43.15,5609,2018-05-01,Twitch,game_month,Counter-Strike: Global Offensive,Counter-Strike: Global Offensive,C:\Users\dthin\Downloads\Twitch_game_data.csv,usable,Counter-Strike,main,False,False,False,train
2,League of Legends,5,2018,82088339,1442403,504394,2820,140412,110482,1941,56.91,5603,2018-05-01,Twitch,game_month,League of Legends,League of Legends,C:\Users\dthin\Downloads\Twitch_game_data.csv,usable,League of Legends,main,False,False,False,train
5,Dota 2,5,2018,39064436,427341,363879,1210,33916,52576,575,91.41,5606,2018-05-01,Twitch,game_month,Dota 2,Dota 2,C:\Users\dthin\Downloads\Twitch_game_data.csv,usable,Dota 2,main,False,False,False,train
3,Dota 2,6,2018,48098529,420651,341454,1126,34627,66896,585,114.34,5804,2018-06-01,Twitch,game_month,Dota 2,Dota 2,C:\Users\dthin\Downloads\Twitch_game_data.csv,usable,Dota 2,main,False,False,False,train
9,Counter-Strike: Global Offensive,6,2018,21897817,600193,262105,1578,105655,30455,834,36.48,5810,2018-06-01,Twitch,game_month,Counter-Strike: Global Offensive,Counter-Strike: Global Offensive,C:\Users\dthin\Downloads\Twitch_game_data.csv,usable,Counter-Strike,main,False,False,False,train
2,League of Legends,6,2018,72491544,1327229,241343,3310,136011,100822,1845,54.62,5803,2018-06-01,Twitch,game_month,League of Legends,League of Legends,C:\Users\dthin\Downloads\Twitch_game_data.csv,usable,League of Legends,main,False,False,False,train
7,Counter-Strike: Global Offensive,7,2018,26762517,691064,237413,1641,115318,36019,930,38.73,6008,2018-07-01,Twitch,game_month,Counter-Strike: Global Offensive,Counter-Strike: Global Offensive,C:\Users\dthin\Downloads\Twitch_game_data.csv,usable,Counter-Strike,main,False,False,False,train
2,League of Legends,7,2018,75783584,1363386,229347,2772,138178,101996,1834,55.58,6003,2018-07-01,Twitch,game_month,League of Legends,League of Legends,C:\Users\dthin\Downloads\Twitch_game_data.csv,usable,League of Legends,main,False,False,False,train
5,Dota 2,7,2018,28746933,439102,150725,1068,35388,38690,590,65.47,6006,2018-07-01,Twitch,game_month,Dota 2,Dota 2,C:\Users\dthin\Downloads\Twitch_game_data.csv,usable,Dota 2,main,False,False,False,train
2,League of Legends,8,2018,81349939,1475806,1029879,2773,144072,109488,1986,55.12,6203,2018-08-01,Twitch,game_month,League of Legends,League of Legends,C:\Users\dthin\Downloads\Twitch_game_data.csv,usable,League of Legends,main,False,False,False,train
3,Dota 2,8,2018,69776434,439437,749471,1102,36075,93911,591,158.79,6204,2018-08-01,Twitch,game_month,Dota 2,Dota 2,C:\Users\dthin\Downloads\Twitch_game_data.csv,usable,Dota 2,main,True,True,True,train
9,Counter-Strike: Global Offensive,8,2018,21697899,760366,187317,1846,121482,29203,1023,28.54,6210,2018-08-01,Twitch,game_month,Counter-Strike: Global Offensive,Counter-Strike: Global Offensive,C:\Users\dthin\Downloads\Twitch_game_data.csv,usable,Counter-Strike,main,False,False,False,train
2,League of Legends,9,2018,76553910,1513086,412412,3123,144060,106472,2104,50.59,6403,2018-09-01,Twitch,game_month,League of Legends,League of Legends,C:\Users\dthin\Downloads\Twitch_game_data.csv,usable,League of Legends,main,False,False,False,train
3,Counter-Strike: Global Offensive,9,2018,70564750,703957,827050,1939,114229,98142,979,100.24,6404,2018-09-01,Twitch,game_month,Counter-Strike: Global Offensive,Counter-Strike: Global Offensive,C:\Users\dthin\Downloads\Twitch_game_data.csv,usable,Counter-Strike,main,False,False,False,train
6,Dota 2,9,2018,29712186,431392,161988,1271,34706,41324,599,68.88,6407,2018-09-01,Twitch,game_month,Dota 2,Dota 2,C:\Users\dthin\Downloads\Twitch_game_data.csv,usable,Dota 2,main,False,False,False,train
5,Dota 2,10,2018,35260281,451820,211365,1313,34965,47456,608,78.04,6606,2018-10-01,Twitch,game_month,Dota 2,Dota 2,C:\Users\dthin\Downloads\Twitch_game_data.csv,usable,Dota 2,main,False,False,False,train
7,Counter-Strike: Global Offensive,10,2018,24204390,719986,221263,1958,113472,32576,969,33.62,6608,2018-10-01,Twitch,game_month,Counter-Strike: Global Offensive,Counter-Strike: Global Offensive,C:\Users\dthin\Downloads\Twitch_game_data.csv,usable,Counter-Strike,main,False,False,False,train
2,League of Legends,10,2018,109191567,1632742,911568,3439,152293,146960,2197,66.88,6603,2018-10-01,Twitch,game_month,League of Legends,League of Legends,C:\Users\dthin\Downloads\Twitch_game_data.csv,usable,League of Legends,main,False,False,False,train
2,League of Legends,11,2018,82622624,1664025,1147825,4981,164208,114913,2314,49.65,6803,2018-11-01,Twitch,game_month,League of Legends,League of Legends,C:\Users\dthin\Downloads\Twitch_game_data.csv,usable,League of Legends,main,False,False,False,train
4,Dota 2,11,2018,44638253,451289,353055,1331,36356,62083,627,98.91,6805,2018-11-01,Twitch,game_month,Dota 2,Dota 2,C:\Users\dthin\Downloads\Twitch_game_data.csv,usable,Dota 2,main,False,False,False,train
6,Counter-Strike: Global Offensive,11,2018,26556456,709424,308216,1993,110383,36935,986,37.43,6807,2018-11-01,Twitch,game_month,Counter-Strike: Global Offensive,Counter-Strike: Global Offensive,C:\Users\dthin\Downloads\Twitch_game_data.csv,usable,Counter-Strike,main,False,False,False,train
2,League of Legends,12,2018,72074851,1762468,341821,3480,174717,97005,2372,40.89,7003,2018-12-01,Twitch,game_month,League of Legends,League of Legends,C:\Users\dthin\Downloads\Twitch_game_data.csv,usable,League of Legends,main,False,False,False,train
4,Dota 2,12,2018,32966244,465590,255770,1310,37524,44369,626,70.81,7005,2018-12-01,Twitch,game_month,Dota 2,Dota 2,C:\Users\dthin\Downloads\Twitch_game_data.csv,usable,Dota 2,main,False,False,False,train
7,Counter-Strike: Global Offensive,12,2018,25568114,874586,273822,3173,150135,34411,1177,29.23,7008,2018-12-01,Twitch,game_month,Counter-Strike: Global Offensive,Counter-Strike: Global Offensive,C:\Users\dthin\Downloads\Twitch_game_data.csv,usable,Counter-Strike,main,False,False,False,train
5,Counter-Strike: Global Offensive,1,2019,30778297,1051447,187678,2895,159310,41424,1415,29.27,7206,2019-01-01,Twitch,game_month,Counter-Strike: Global Offensive,Counter-Strike: Global Offensive,C:\Users\dthin\Downloads\Twitch_game_data.csv,usable,Counter-Strike,main,False,False,False,train
2,League of Legends,1,2019,98976171,2245379,400257,6079,197058,133211,3022,44.08,7203,2019-01-01,Twitch,game_month,League of Legends,League of Legends,C:\Users\dthin\Downloads\Twitch_game_data.csv,usable,League of Legends,main,False,False,False,train
4,Dota 2,1,2019,46512393,546394,444825,1462,42722,62600,735,85.13,7205,2019-01-01,Twitch,game_month,Dota 2,Dota 2,C:\Users\dthin\Downloads\Twitch_game_data.csv,usable,Dota 2,main,False,False,False,train
5,Dota 2,2,2019,50259236,528057,272771,1601,43882,74901,786,95.18,7406,2019-02-01,Twitch,game_month,Dota 2,Dota 2,C:\Users\dthin\Downloads\Twitch_game_data.csv,usable,Dota 2,main,False,False,False,train
6,Counter-Strike: Global Offensive,2,2019,47256109,744851,524985,2575,120461,70426,1110,63.44,7407,2019-02-01,Twitch,game_month,Counter-Strike: Global Offensive,Counter-Strike: Global Offensive,C:\Users\dthin\Downloads\Twitch_game_data.csv,usable,Counter-Strike,main,False,False,False,train
2,League of Legends,2,2019,94991296,1779043,387330,4518,167824,141566,2651,53.39,7403,2019-02-01,Twitch,game_month,League of Legends,League of Legends,C:\Users\dthin\Downloads\Twitch_game_data.csv,usable,League of Legends,main,False,False,False,train
1,League of Legends,3,2019,108481064,1966064,369522,3947,172418,146004,2646,55.18,7602,2019-03-01,Twitch,game_month,League of Legends,League of Legends,C:\Users\dthin\Downloads\Twitch_game_data.csv,usable,League of Legends,main,False,False,False,train
6,Dota 2,3,2019,50333147,563468,357971,1456,47351,67743,758,89.33,7607,2019-03-01,Twitch,game_month,Dota 2,Dota 2,C:\Users\dthin\Downloads\Twitch_game_data.csv,usable,Dota 2,main,False,False,False,train
7,Counter-Strike: Global Offensive,3,2019,35411834,913794,833440,2509,134809,47660,1229,38.75,7608,2019-03-01,Twitch,game_month,Counter-Strike: Global Offensive,Counter-Strike: Global Offensive,C:\Users\dthin\Downloads\Twitch_game_data.csv,usable,Counter-Strike,main,False,False,False,train
2,League of Legends,4,2019,92428052,1978924,548157,4008,172848,128550,2752,46.71,7803,2019-04-01,Twitch,game_month,League of Legends,League of Legends,C:\Users\dthin\Downloads\Twitch_game_data.csv,usable,League of Legends,main,False,False,False,train
6,Counter-Strike: Global Offensive,4,2019,30853367,845555,313013,2295,127669,42911,1176,36.49,7807,2019-04-01,Twitch,game_month,Counter-Strike: Global Offensive,Counter-Strike: Global Offensive,C:\Users\dthin\Downloads\Twitch_game_data.csv,usable,Counter-Strike,main,False,False,False,train
7,Dota 2,4,2019,29498775,450484,146659,1330,36752,41027,626,65.48,7808,2019-04-01,Twitch,game_month,Dota 2,Dota 2,C:\Users\dthin\Downloads\Twitch_game_data.csv,usable,Dota 2,main,False,False,False,train
7,Counter-Strike: Global Offensive,5,2019,29661382,860011,234864,2268,129622,39921,1157,34.49,8008,2019-05-01,Twitch,game_month,Counter-Strike: Global Offensive,Counter-Strike: Global Offensive,C:\Users\dthin\Downloads\Twitch_game_data.csv,usable,Counter-Strike,main,False,False,False,train
2,League of Legends,5,2019,102843574,2119997,816163,4081,181289,138416,2853,48.51,8003,2019-05-01,Twitch,game_month,League of Legends,League of Legends,C:\Users\dthin\Downloads\Twitch_game_data.csv,usable,League of Legends,main,False,False,False,train
5,Dota 2,5,2019,46710399,490819,402168,1257,37723,62867,660,95.17,8006,2019-05-01,Twitch,game_month,Dota 2,Dota 2,C:\Users\dthin\Downloads\Twitch_game_data.csv,usable,Dota 2,main,False,False,False,train
8,Counter-Strike: Global Offensive,6,2019,30260300,842383,348529,2080,130888,42086,1171,35.92,8209,2019-06-01,Twitch,game_month,Counter-Strike: Global Offensive,Counter-Strike: Global Offensive,C:\Users\dthin\Downloads\Twitch_game_data.csv,usable,Counter-Strike,main,False,False,False,train
5,Dota 2,6,2019,42929219,440912,436845,1118,35018,59706,613,97.36,8206,2019-06-01,Twitch,game_month,Dota 2,Dota 2,C:\Users\dthin\Downloads\Twitch_game_data.csv,usable,Dota 2,main,False,False,False,train
2,League of Legends,6,2019,89156672,1982483,318559,3915,184010,124000,2757,44.97,8203,2019-06-01,Twitch,game_month,League of Legends,League of Legends,C:\Users\dthin\Downloads\Twitch_game_data.csv,usable,League of Legends,main,False,False,False,train
3,League of Legends,7,2019,68210459,1803517,280370,3413,179936,91804,2427,37.82,8404,2019-07-01,Twitch,game_month,League of Legends,League of Legends,C:\Users\dthin\Downloads\Twitch_game_data.csv,usable,League of Legends,main,False,False,False,train
6,Dota 2,7,2019,40975198,461803,278581,1081,35274,55148,621,88.73,8407,2019-07-01,Twitch,game_month,Dota 2,Dota 2,C:\Users\dthin\Downloads\Twitch_game_data.csv,usable,Dota 2,main,False,False,False,train
7,Counter-Strike: Global Offensive,7,2019,40700017,914238,407519,2224,138472,54777,1230,44.52,8408,2019-07-01,Twitch,game_month,Counter-Strike: Global Offensive,Counter-Strike: Global Offensive,C:\Users\dthin\Downloads\Twitch_game_data.csv,usable,Counter-Strike,main,False,False,False,train
7,Counter-Strike: Global Offensive,8,2019,46112933,974890,518564,2281,147984,62063,1312,47.3,8608,2019-08-01,Twitch,game_month,Counter-Strike: Global Offensive,Counter-Strike: Global Offensive,C:\Users\dthin\Downloads\Twitch_game_data.csv,usable,Counter-Strike,main,False,False,False,train
2,League of Legends,8,2019,86094493,1977780,455329,5256,187707,115874,2661,43.53,8603,2019-08-01,Twitch,game_month,League of Legends,League of Legends,C:\Users\dthin\Downloads\Twitch_game_data.csv,usable,League of Legends,main,False,False,False,train
3,Dota 2,8,2019,70885379,487148,1045985,1174,37081,95404,655,145.51,8604,2019-08-01,Twitch,game_month,Dota 2,Dota 2,C:\Users\dthin\Downloads\Twitch_game_data.csv,usable,Dota 2,main,True,True,True,train
5,Counter-Strike: Global Offensive,9,2019,46007837,914564,659147,2416,138048,63988,1271,50.31,8806,2019-09-01,Twitch,game_month,Counter-Strike: Global Offensive,Counter-Strike: Global Offensive,C:\Users\dthin\Downloads\Twitch_game_data.csv,usable,Counter-Strike,main,False,False,False,train
7,Dota 2,9,2019,25854637,449103,126517,1269,34090,35959,624,57.57,8808,2019-09-01,Twitch,game_month,Dota 2,Dota 2,C:\Users\dthin\Downloads\Twitch_game_data.csv,usable,Dota 2,main,False,False,False,train
2,League of Legends,9,2019,77579176,1977556,650591,4454,182545,107898,2750,39.23,8803,2019-09-01,Twitch,game_month,League of Legends,League of Legends,C:\Users\dthin\Downloads\Twitch_game_data.csv,usable,League of Legends,main,False,False,False,train
7,Dota 2,10,2019,30033003,449514,176174,1218,31508,40421,604,66.81,9008,2019-10-01,Twitch,game_month,Dota 2,Dota 2,C:\Users\dthin\Downloads\Twitch_game_data.csv,usable,Dota 2,main,False,False,False,train
4,Counter-Strike: Global Offensive,10,2019,44765681,932539,381582,2578,135261,60249,1255,48.0,9005,2019-10-01,Twitch,game_month,Counter-Strike: Global Offensive,Counter-Strike: Global Offensive,C:\Users\dthin\Downloads\Twitch_game_data.csv,usable,Counter-Strike,main,False,False,False,train
1,League of Legends,10,2019,125658644,2204626,1100440,5944,195507,169123,2967,57.0,9002,2019-10-01,Twitch,game_month,League of Legends,League of Legends,C:\Users\dthin\Downloads\Twitch_game_data.csv,usable,League of Legends,main,False,False,False,train
1,League of Legends,11,2019,95436703,2126093,1782765,4512,200004,132735,2957,44.89,9202,2019-11-01,Twitch,game_month,League of Legends,League of Legends,C:\Users\dthin\Downloads\Twitch_game_data.csv,usable,League of Legends,main,False,False,True,train
4,Counter-Strike: Global Offensive,11,2019,35606495,890153,299143,2500,129703,49522,1238,40.0,9205,2019-11-01,Twitch,game_month,Counter-Strike: Global Offensive,Counter-Strike: Global Offensive,C:\Users\dthin\Downloads\Twitch_game_data.csv,usable,Counter-Strike,main,False,False,False,train
5,Dota 2,11,2019,34770932,428219,243245,1267,30472,48360,595,81.2,9206,2019-11-01,Twitch,game_month,Dota 2,Dota 2,C:\Users\dthin\Downloads\Twitch_game_data.csv,usable,Dota 2,main,False,False,False,train
2,League of Legends,12,2019,78579242,2302186,223571,6392,211766,105759,3098,34.13,9403,2019-12-01,Twitch,game_month,League of Legends,League of Legends,C:\Users\dthin\Downloads\Twitch_game_data.csv,usable,League of Legends,main,False,False,False,train
4,Counter-Strike: Global Offensive,12,2019,40460483,977970,322386,2695,146003,54455,1316,41.37,9405,2019-12-01,Twitch,game_month,Counter-Strike: Global Offensive,Counter-Strike: Global Offensive,C:\Users\dthin\Downloads\Twitch_game_data.csv,usable,Counter-Strike,main,False,False,False,train
6,Dota 2,12,2019,34260252,419408,200393,1072,30022,46110,564,81.69,9407,2019-12-01,Twitch,game_month,Dota 2,Dota 2,C:\Users\dthin\Downloads\Twitch_game_data.csv,usable,Dota 2,main,False,False,False,train
5,Dota 2,1,2020,44025208,442024,364279,1055,30616,59253,594,99.6,9606,2020-01-01,Twitch,game_month,Dota 2,Dota 2,C:\Users\dthin\Downloads\Twitch_game_data.csv,usable,Dota 2,main,False,False,False,train
1,League of Legends,1,2020,99657869,2953365,349964,8083,237426,134129,3974,33.74,9602,2020-01-01,Twitch,game_month,League of Legends,League of Legends,C:\Users\dthin\Downloads\Twitch_game_data.csv,usable,League of Legends,main,False,False,False,train
7,Counter-Strike: Global Offensive,1,2020,33893286,1217678,257488,3371,168202,45616,1638,27.83,9608,2020-01-01,Twitch,game_month,Counter-Strike: Global Offensive,Counter-Strike: Global Offensive,C:\Users\dthin\Downloads\Twitch_game_data.csv,usable,Counter-Strike,main,False,False,False,train
7,Dota 2,2,2020,34971672,436925,236718,1176,29417,50318,628,80.04,9808,2020-02-01,Twitch,game_month,Dota 2,Dota 2,C:\Users\dthin\Downloads\Twitch_game_data.csv,usable,Dota 2,main,False,False,False,train
1,League of Legends,2,2020,121635889,2549292,412216,7253,211492,175015,3668,47.71,9802,2020-02-01,Twitch,game_month,League of Legends,League of Legends,C:\Users\dthin\Downloads\Twitch_game_data.csv,usable,League of Legends,main,False,False,False,train
4,Counter-Strike: Global Offensive,2,2020,49796451,1135106,614792,3212,154126,71649,1633,43.87,9805,2020-02-01,Twitch,game_month,Counter-Strike: Global Offensive,Counter-Strike: Global Offensive,C:\Users\dthin\Downloads\Twitch_game_data.csv,usable,Counter-Strike,main,False,False,False,train
7,Dota 2,3,2020,41849138,544228,164524,1490,35212,56324,732,76.9,10008,2020-03-01,Twitch,game_month,Dota 2,Dota 2,C:\Users\dthin\Downloads\Twitch_game_data.csv,usable,Dota 2,main,False,False,False,train
1,League of Legends,3,2020,123599885,3062720,421581,8390,252555,166352,4122,40.36,10002,2020-03-01,Twitch,game_month,League of Legends,League of Legends,C:\Users\dthin\Downloads\Twitch_game_data.csv,usable,League of Legends,main,False,False,False,train
4,Counter-Strike: Global Offensive,3,2020,66797699,1511619,828949,4667,197089,89902,2034,44.19,10005,2020-03-01,Twitch,game_month,Counter-Strike: Global Offensive,Counter-Strike: Global Offensive,C:\Users\dthin\Downloads\Twitch_game_data.csv,usable,Counter-Strike,main,False,False,False,train
8,Dota 2,4,2020,54477072,673933,360147,1747,34147,75767,937,80.83,10209,2020-04-01,Twitch,game_month,Dota 2,Dota 2,C:\Users\dthin\Downloads\Twitch_game_data.csv,usable,Dota 2,main,False,False,False,train
5,Counter-Strike: Global Offensive,4,2020,86673161,1981314,535624,5542,215744,120546,2755,43.75,10206,2020-04-01,Twitch,game_month,Counter-Strike: Global Offensive,Counter-Strike: Global Offensive,C:\Users\dthin\Downloads\Twitch_game_data.csv,usable,Counter-Strike,main,False,False,False,train
1,VALORANT,4,2020,344551979,4588347,1728977,15710,319709,479209,6381,75.09,10202,2020-04-01,Twitch,game_month,VALORANT,VALORANT,C:\Users\dthin\Downloads\Twitch_game_data.csv,usable,Valorant,main,True,True,True,train
3,League of Legends,4,2020,135859472,3461495,727437,8802,243651,188956,4814,39.25,10204,2020-04-01,Twitch,game_month,League of Legends,League of Legends,C:\Users\dthin\Downloads\Twitch_game_data.csv,usable,League of Legends,main,False,False,False,train
8,Dota 2,5,2020,51023847,717401,199291,1758,33057,68672,965,71.12,10409,2020-05-01,Twitch,game_month,Dota 2,Dota 2,C:\Users\dthin\Downloads\Twitch_game_data.csv,usable,Dota 2,main,False,False,False,train
7,Counter-Strike: Global Offensive,5,2020,76786808,1783788,380494,4853,187999,103346,2400,43.05,10408,2020-05-01,Twitch,game_month,Counter-Strike: Global Offensive,Counter-Strike: Global Offensive,C:\Users\dthin\Downloads\Twitch_game_data.csv,usable,Counter-Strike,main,False,False,False,train
2,VALORANT,5,2020,144780385,4763465,790635,16287,363116,194859,6411,30.39,10403,2020-05-01,Twitch,game_month,VALORANT,VALORANT,C:\Users\dthin\Downloads\Twitch_game_data.csv,usable,Valorant,main,False,False,False,train
3,League of Legends,5,2020,127698472,3517695,504630,8347,245122,171868,4734,36.3,10404,2020-05-01,Twitch,game_month,League of Legends,League of Legends,C:\Users\dthin\Downloads\Twitch_game_data.csv,usable,League of Legends,main,False,False,False,train
2,League of Legends,6,2020,143290296,2997392,556963,7519,215394,199291,4168,47.8,10603,2020-06-01,Twitch,game_month,League of Legends,League of Legends,C:\Users\dthin\Downloads\Twitch_game_data.csv,usable,League of Legends,main,False,False,False,train
7,Counter-Strike: Global Offensive,6,2020,76001332,1403689,499919,4209,149577,105704,1952,54.14,10608,2020-06-01,Twitch,game_month,Counter-Strike: Global Offensive,Counter-Strike: Global Offensive,C:\Users\dthin\Downloads\Twitch_game_data.csv,usable,Counter-Strike,main,False,False,False,train
8,VALORANT,6,2020,55560006,3970028,250805,14194,331747,77274,5521,13.99,10609,2020-06-01,Twitch,game_month,VALORANT,VALORANT,C:\Users\dthin\Downloads\Twitch_game_data.csv,usable,Valorant,main,False,False,False,train
9,Dota 2,6,2020,41177114,569147,212444,1490,27354,57269,791,72.35,10610,2020-06-01,Twitch,game_month,Dota 2,Dota 2,C:\Users\dthin\Downloads\Twitch_game_data.csv,usable,Dota 2,main,False,False,False,train
2,League of Legends,7,2020,135123272,3248650,494759,7246,223201,181861,4372,41.59,10803,2020-07-01,Twitch,game_month,League of Legends,League of Legends,C:\Users\dthin\Downloads\Twitch_game_data.csv,usable,League of Legends,main,False,False,False,train
6,VALORANT,7,2020,56840893,3608486,151120,8081,285520,76501,4856,15.75,10807,2020-07-01,Twitch,game_month,VALORANT,VALORANT,C:\Users\dthin\Downloads\Twitch_game_data.csv,usable,Valorant,main,False,False,False,train
8,Counter-Strike: Global Offensive,7,2020,41902442,1187042,197934,3034,126894,56396,1597,35.3,10809,2020-07-01,Twitch,game_month,Counter-Strike: Global Offensive,Counter-Strike: Global Offensive,C:\Users\dthin\Downloads\Twitch_game_data.csv,usable,Counter-Strike,main,False,False,False,train
9,Dota 2,7,2020,35906928,571211,193157,1301,27565,48326,768,62.86,10810,2020-07-01,Twitch,game_month,Dota 2,Dota 2,C:\Users\dthin\Downloads\Twitch_game_data.csv,usable,Dota 2,main,False,False,False,train
10,Dota 2,8,2020,38252005,554956,170474,1247,26864,51483,746,68.93,11011,2020-08-01,Twitch,game_month,Dota 2,Dota 2,C:\Users\dthin\Downloads\Twitch_game_data.csv,usable,Dota 2,main,False,False,False,train
2,League of Legends,8,2020,142551572,3250969,707347,7440,229635,191859,4375,43.85,11003,2020-08-01,Twitch,game_month,League of Legends,League of Legends,C:\Users\dthin\Downloads\Twitch_game_data.csv,usable,League of Legends,main,False,False,False,train
7,VALORANT,8,2020,54462195,3016992,564404,8000,256154,73300,4060,18.05,11008,2020-08-01,Twitch,game_month,VALORANT,VALORANT,C:\Users\dthin\Downloads\Twitch_game_data.csv,usable,Valorant,main,False,False,False,train
8,Counter-Strike: Global Offensive,8,2020,48243344,1071229,313425,2526,117920,64930,1441,45.04,11009,2020-08-01,Twitch,game_month,Counter-Strike: Global Offensive,Counter-Strike: Global Offensive,C:\Users\dthin\Downloads\Twitch_game_data.csv,usable,Counter-Strike,main,False,False,False,train
9,Dota 2,9,2020,38107678,551165,269456,1402,26860,53000,766,69.14,11210,2020-09-01,Twitch,game_month,Dota 2,Dota 2,C:\Users\dthin\Downloads\Twitch_game_data.csv,usable,Dota 2,main,False,False,False,train
10,VALORANT,9,2020,37448029,2159886,155402,5330,196434,52083,3004,17.34,11211,2020-09-01,Twitch,game_month,VALORANT,VALORANT,C:\Users\dthin\Downloads\Twitch_game_data.csv,usable,Valorant,main,False,False,False,train
3,League of Legends,9,2020,135008222,3174675,794857,6737,230335,187772,4415,42.53,11204,2020-09-01,Twitch,game_month,League of Legends,League of Legends,C:\Users\dthin\Downloads\Twitch_game_data.csv,usable,League of Legends,main,False,False,False,train
7,Counter-Strike: Global Offensive,9,2020,53623137,1029871,306910,2620,114511,74580,1432,52.07,11208,2020-09-01,Twitch,game_month,Counter-Strike: Global Offensive,Counter-Strike: Global Offensive,C:\Users\dthin\Downloads\Twitch_game_data.csv,usable,Counter-Strike,main,False,False,False,train
11,VALORANT,10,2020,37362055,1947328,165457,4681,176347,50285,2620,19.19,11412,2020-10-01,Twitch,game_month,VALORANT,VALORANT,C:\Users\dthin\Downloads\Twitch_game_data.csv,usable,Valorant,main,False,False,False,train
12,Dota 2,10,2020,33523506,599493,155576,1573,28700,45119,806,55.92,11413,2020-10-01,Twitch,game_month,Dota 2,Dota 2,C:\Users\dthin\Downloads\Twitch_game_data.csv,usable,Dota 2,main,False,False,False,train
2,League of Legends,10,2020,171613067,3367157,2020835,8520,246211,230973,4531,50.97,11403,2020-10-01,Twitch,game_month,League of Legends,League of Legends,C:\Users\dthin\Downloads\Twitch_game_data.csv,usable,League of Legends,main,False,False,True,train
7,Counter-Strike: Global Offensive,10,2020,58560804,1138329,434419,2976,124370,78816,1532,51.44,11408,2020-10-01,Twitch,game_month,Counter-Strike: Global Offensive,Counter-Strike: Global Offensive,C:\Users\dthin\Downloads\Twitch_game_data.csv,usable,Counter-Strike,main,False,False,False,train
13,VALORANT,11,2020,41122398,1999433,145497,4730,182609,57193,2780,20.57,11614,2020-11-01,Twitch,game_month,VALORANT,VALORANT,C:\Users\dthin\Downloads\Twitch_game_data.csv,usable,Valorant,main,False,False,False,train
14,Dota 2,11,2020,40955503,626431,222257,1585,30556,56961,871,65.38,11615,2020-11-01,Twitch,game_month,Dota 2,Dota 2,C:\Users\dthin\Downloads\Twitch_game_data.csv,usable,Dota 2,main,False,False,False,train
2,League of Legends,11,2020,121085351,3392709,345045,8877,254028,168407,4718,35.69,11603,2020-11-01,Twitch,game_month,League of Legends,League of Legends,C:\Users\dthin\Downloads\Twitch_game_data.csv,usable,League of Legends,main,False,False,False,train
6,Counter-Strike: Global Offensive,11,2020,60714096,1297659,551755,3544,139791,84442,1804,46.79,11607,2020-11-01,Twitch,game_month,Counter-Strike: Global Offensive,Counter-Strike: Global Offensive,C:\Users\dthin\Downloads\Twitch_game_data.csv,usable,Counter-Strike,main,False,False,False,train
3,League of Legends,12,2020,96413165,3297197,318449,7979,247003,129761,4437,29.24,11804,2020-12-01,Twitch,game_month,League of Legends,League of Legends,C:\Users\dthin\Downloads\Twitch_game_data.csv,usable,League of Legends,main,False,False,False,train
9,Counter-Strike: Global Offensive,12,2020,60757021,1426365,387473,3961,154721,81772,1919,42.6,11810,2020-12-01,Twitch,game_month,Counter-Strike: Global Offensive,Counter-Strike: Global Offensive,C:\Users\dthin\Downloads\Twitch_game_data.csv,usable,Counter-Strike,main,False,False,False,train
13,Dota 2,12,2020,42881664,631156,243589,1506,30337,57714,849,67.94,11814,2020-12-01,Twitch,game_month,Dota 2,Dota 2,C:\Users\dthin\Downloads\Twitch_game_data.csv,usable,Dota 2,main,False,False,False,train
14,VALORANT,12,2020,42375108,2174160,286887,4958,197181,57032,2926,19.49,11815,2020-12-01,Twitch,game_month,VALORANT,VALORANT,C:\Users\dthin\Downloads\Twitch_game_data.csv,usable,Valorant,main,False,False,False,train
3,League of Legends,1,2021,170781975,4354400,689503,11606,294795,229854,5860,39.22,12004,2021-01-01,Twitch,game_month,League of Legends,League of Legends,C:\Users\dthin\Downloads\Twitch_game_data.csv,usable,League of Legends,main,False,False,False,train
9,Counter-Strike: Global Offensive,1,2021,60899705,1669538,592921,4598,178120,81964,2247,36.48,12010,2021-01-01,Twitch,game_month,Counter-Strike: Global Offensive,Counter-Strike: Global Offensive,C:\Users\dthin\Downloads\Twitch_game_data.csv,usable,Counter-Strike,main,False,False,False,train
11,VALORANT,1,2021,54529695,3001295,227959,7100,258468,73391,4039,18.17,12012,2021-01-01,Twitch,game_month,VALORANT,VALORANT,C:\Users\dthin\Downloads\Twitch_game_data.csv,usable,Valorant,main,False,False,False,train
13,Dota 2,1,2021,39545934,721543,153186,1810,33400,53224,971,54.81,12014,2021-01-01,Twitch,game_month,Dota 2,Dota 2,C:\Users\dthin\Downloads\Twitch_game_data.csv,usable,Dota 2,main,False,False,False,train
11,Dota 2,2,2021,38907873,614150,218653,1725,29522,57984,915,63.35,12212,2021-02-01,Twitch,game_month,Dota 2,Dota 2,C:\Users\dthin\Downloads\Twitch_game_data.csv,usable,Dota 2,main,False,False,False,train
8,Counter-Strike: Global Offensive,2,2021,67578481,1507029,607485,4460,161814,100713,2245,44.84,12209,2021-02-01,Twitch,game_month,Counter-Strike: Global Offensive,Counter-Strike: Global Offensive,C:\Users\dthin\Downloads\Twitch_game_data.csv,usable,Counter-Strike,main,False,False,False,train
2,League of Legends,2,2021,150221076,3665750,703375,9687,268439,223876,5463,40.98,12203,2021-02-01,Twitch,game_month,League of Legends,League of Legends,C:\Users\dthin\Downloads\Twitch_game_data.csv,usable,League of Legends,main,False,False,False,train
7,VALORANT,2,2021,70228871,2945356,289898,7382,266828,104662,4389,23.84,12208,2021-02-01,Twitch,game_month,VALORANT,VALORANT,C:\Users\dthin\Downloads\Twitch_game_data.csv,usable,Valorant,main,False,False,False,train
3,League of Legends,3,2021,149786518,3766997,853781,9222,268051,201596,5069,39.76,12404,2021-03-01,Twitch,game_month,League of Legends,League of Legends,C:\Users\dthin\Downloads\Twitch_game_data.csv,usable,League of Legends,main,False,False,False,train
7,VALORANT,3,2021,87645493,3531041,415809,8033,309748,117961,4752,24.82,12408,2021-03-01,Twitch,game_month,VALORANT,VALORANT,C:\Users\dthin\Downloads\Twitch_game_data.csv,usable,Valorant,main,False,False,False,train
8,Counter-Strike: Global Offensive,3,2021,72375036,1626300,454393,4379,170319,97409,2188,44.5,12409,2021-03-01,Twitch,game_month,Counter-Strike: Global Offensive,Counter-Strike: Global Offensive,C:\Users\dthin\Downloads\Twitch_game_data.csv,usable,Counter-Strike,main,False,False,False,train
10,Dota 2,3,2021,39978562,659629,230592,1597,31292,53806,887,60.61,12411,2021-03-01,Twitch,game_month,Dota 2,Dota 2,C:\Users\dthin\Downloads\Twitch_game_data.csv,usable,Dota 2,main,False,False,False,train
3,League of Legends,4,2021,156994170,3592720,906631,8333,260952,218350,4996,43.7,12604,2021-04-01,Twitch,game_month,League of Legends,League of Legends,C:\Users\dthin\Downloads\Twitch_game_data.csv,usable,League of Legends,main,False,False,False,train
6,VALORANT,4,2021,85635830,3435109,440084,8565,306540,119104,4777,24.93,12607,2021-04-01,Twitch,game_month,VALORANT,VALORANT,C:\Users\dthin\Downloads\Twitch_game_data.csv,usable,Valorant,main,False,False,False,train
8,Counter-Strike: Global Offensive,4,2021,70072819,1464933,421485,4173,158206,97458,2037,47.83,12609,2021-04-01,Twitch,game_month,Counter-Strike: Global Offensive,Counter-Strike: Global Offensive,C:\Users\dthin\Downloads\Twitch_game_data.csv,usable,Counter-Strike,main,False,False,False,train
10,Dota 2,4,2021,49785357,666178,372593,1658,32754,69242,926,74.73,12611,2021-04-01,Twitch,game_month,Dota 2,Dota 2,C:\Users\dthin\Downloads\Twitch_game_data.csv,usable,Dota 2,main,False,False,False,train
11,Dota 2,5,2021,48762361,692413,269874,1594,33157,65629,931,70.42,12812,2021-05-01,Twitch,game_month,Dota 2,Dota 2,C:\Users\dthin\Downloads\Twitch_game_data.csv,usable,Dota 2,main,False,False,False,train
8,Counter-Strike: Global Offensive,5,2021,75670449,1380646,551182,3620,140856,101844,1858,54.81,12809,2021-05-01,Twitch,game_month,Counter-Strike: Global Offensive,Counter-Strike: Global Offensive,C:\Users\dthin\Downloads\Twitch_game_data.csv,usable,Counter-Strike,main,False,False,False,train
3,League of Legends,5,2021,174012672,3516137,1257320,7697,251261,234202,4732,49.49,12804,2021-05-01,Twitch,game_month,League of Legends,League of Legends,C:\Users\dthin\Downloads\Twitch_game_data.csv,usable,League of Legends,main,False,False,False,train
4,VALORANT,5,2021,100244546,3307836,1010321,8041,288329,134918,4452,30.31,12805,2021-05-01,Twitch,game_month,VALORANT,VALORANT,C:\Users\dthin\Downloads\Twitch_game_data.csv,usable,Valorant,main,False,False,False,train
3,League of Legends,6,2021,147594315,3053763,708943,6443,220621,205277,4247,48.33,13004,2021-06-01,Twitch,game_month,League of Legends,League of Legends,C:\Users\dthin\Downloads\Twitch_game_data.csv,usable,League of Legends,main,False,False,False,train
5,VALORANT,6,2021,80581440,3217503,252386,7691,277299,112074,4474,25.04,13006,2021-06-01,Twitch,game_month,VALORANT,VALORANT,C:\Users\dthin\Downloads\Twitch_game_data.csv,usable,Valorant,main,False,False,False,train
8,Dota 2,6,2021,62316260,653133,375582,1544,31893,86670,908,95.41,13009,2021-06-01,Twitch,game_month,Dota 2,Dota 2,C:\Users\dthin\Downloads\Twitch_game_data.csv,usable,Dota 2,main,False,False,False,train
9,Counter-Strike: Global Offensive,6,2021,55332904,1162096,363798,2995,116511,76958,1616,47.61,13010,2021-06-01,Twitch,game_month,Counter-Strike: Global Offensive,Counter-Strike: Global Offensive,C:\Users\dthin\Downloads\Twitch_game_data.csv,usable,Counter-Strike,main,False,False,False,train
11,Dota 2,7,2021,42539578,677045,403938,1508,33330,57253,911,62.83,13212,2021-07-01,Twitch,game_month,Dota 2,Dota 2,C:\Users\dthin\Downloads\Twitch_game_data.csv,usable,Dota 2,main,False,False,False,train
3,League of Legends,7,2021,134363514,2961094,511589,6029,215610,180839,3985,45.38,13204,2021-07-01,Twitch,game_month,League of Legends,League of Legends,C:\Users\dthin\Downloads\Twitch_game_data.csv,usable,League of Legends,main,False,False,False,train
4,VALORANT,7,2021,80880189,3289089,296686,6844,287260,108856,4426,24.59,13205,2021-07-01,Twitch,game_month,VALORANT,VALORANT,C:\Users\dthin\Downloads\Twitch_game_data.csv,usable,Valorant,main,False,False,False,train
7,Counter-Strike: Global Offensive,7,2021,58658860,1107453,696447,2513,112617,78948,1490,52.97,13208,2021-07-01,Twitch,game_month,Counter-Strike: Global Offensive,Counter-Strike: Global Offensive,C:\Users\dthin\Downloads\Twitch_game_data.csv,usable,Counter-Strike,main,False,False,False,train
3,League of Legends,8,2021,138132735,2964379,931796,5614,215239,185912,3989,46.6,13404,2021-08-01,Twitch,game_month,League of Legends,League of Legends,C:\Users\dthin\Downloads\Twitch_game_data.csv,usable,League of Legends,main,False,False,False,train
6,VALORANT,8,2021,77525514,3085069,294465,6435,272547,104341,4152,25.13,13407,2021-08-01,Twitch,game_month,VALORANT,VALORANT,C:\Users\dthin\Downloads\Twitch_game_data.csv,usable,Valorant,main,False,False,False,train
9,Counter-Strike: Global Offensive,8,2021,49822431,1099409,378388,2538,114949,67055,1479,45.32,13410,2021-08-01,Twitch,game_month,Counter-Strike: Global Offensive,Counter-Strike: Global Offensive,C:\Users\dthin\Downloads\Twitch_game_data.csv,usable,Counter-Strike,main,False,False,False,train
10,Dota 2,8,2021,42716591,731191,218368,1701,35607,57492,984,58.42,13411,2021-08-01,Twitch,game_month,Dota 2,Dota 2,C:\Users\dthin\Downloads\Twitch_game_data.csv,usable,Dota 2,main,False,False,False,train
7,Counter-Strike: Global Offensive,9,2021,61533744,1007538,725327,2823,105073,85582,1401,61.07,13608,2021-09-01,Twitch,game_month,Counter-Strike: Global Offensive,Counter-Strike: Global Offensive,C:\Users\dthin\Downloads\Twitch_game_data.csv,usable,Counter-Strike,main,False,False,False,train
12,Dota 2,9,2021,34807412,682811,161687,1785,33889,48410,949,50.98,13613,2021-09-01,Twitch,game_month,Dota 2,Dota 2,C:\Users\dthin\Downloads\Twitch_game_data.csv,usable,Dota 2,main,False,False,False,train
3,League of Legends,9,2021,107406590,2723708,618086,5548,201351,149383,3788,39.43,13604,2021-09-01,Twitch,game_month,League of Legends,League of Legends,C:\Users\dthin\Downloads\Twitch_game_data.csv,usable,League of Legends,main,False,False,False,train
4,VALORANT,9,2021,92393642,2972494,732010,7148,257779,128502,4134,31.08,13605,2021-09-01,Twitch,game_month,VALORANT,VALORANT,C:\Users\dthin\Downloads\Twitch_game_data.csv,usable,Valorant,main,False,False,False,train
6,Counter-Strike: Global Offensive,10,2021,70180423,956368,655467,2555,97136,94455,1287,73.38,13807,2021-10-01,Twitch,game_month,Counter-Strike: Global Offensive,Counter-Strike: Global Offensive,C:\Users\dthin\Downloads\Twitch_game_data.csv,usable,Counter-Strike,main,False,False,False,train
8,VALORANT,10,2021,64164553,2715437,261799,5597,230732,86358,3654,23.63,13809,2021-10-01,Twitch,game_month,VALORANT,VALORANT,C:\Users\dthin\Downloads\Twitch_game_data.csv,usable,Valorant,main,False,False,False,train
2,League of Legends,10,2021,208574800,2489811,2364918,5375,185819,280719,3351,83.77,13803,2021-10-01,Twitch,game_month,League of Legends,League of Legends,C:\Users\dthin\Downloads\Twitch_game_data.csv,usable,League of Legends,main,True,True,True,train
4,Dota 2,10,2021,98815597,701658,1636441,1895,34983,132995,944,140.83,13805,2021-10-01,Twitch,game_month,Dota 2,Dota 2,C:\Users\dthin\Downloads\Twitch_game_data.csv,usable,Dota 2,main,True,True,True,train
10,Dota 2,11,2021,37073193,747851,223679,1934,36951,51562,1040,49.57,14011,2021-11-01,Twitch,game_month,Dota 2,Dota 2,C:\Users\dthin\Downloads\Twitch_game_data.csv,usable,Dota 2,main,False,False,False,train
6,VALORANT,11,2021,58685942,2645463,195672,5733,226858,81621,3679,22.18,14007,2021-11-01,Twitch,game_month,VALORANT,VALORANT,C:\Users\dthin\Downloads\Twitch_game_data.csv,usable,Valorant,main,False,False,False,train
3,League of Legends,11,2021,102612188,2420283,3082772,5280,192692,142715,3366,42.4,14004,2021-11-01,Twitch,game_month,League of Legends,League of Legends,C:\Users\dthin\Downloads\Twitch_game_data.csv,usable,League of Legends,main,False,False,True,train
4,Counter-Strike: Global Offensive,11,2021,79981393,951598,1916027,2590,97574,111239,1323,84.05,14005,2021-11-01,Twitch,game_month,Counter-Strike: Global Offensive,Counter-Strike: Global Offensive,C:\Users\dthin\Downloads\Twitch_game_data.csv,usable,Counter-Strike,main,False,False,True,train
3,VALORANT,12,2021,98306478,2812461,1047665,6019,249067,132310,3785,34.95,14204,2021-12-01,Twitch,game_month,VALORANT,VALORANT,C:\Users\dthin\Downloads\Twitch_game_data.csv,usable,Valorant,main,False,False,False,train
4,League of Legends,12,2021,95180552,2465988,591381,5291,194521,128103,3318,38.6,14205,2021-12-01,Twitch,game_month,League of Legends,League of Legends,C:\Users\dthin\Downloads\Twitch_game_data.csv,usable,League of Legends,main,False,False,False,train
10,Counter-Strike: Global Offensive,12,2021,45401155,914766,524450,2485,94162,61105,1231,49.63,14211,2021-12-01,Twitch,game_month,Counter-Strike: Global Offensive,Counter-Strike: Global Offensive,C:\Users\dthin\Downloads\Twitch_game_data.csv,usable,Counter-Strike,main,False,False,False,train
11,Dota 2,12,2021,43235580,714724,210062,1759,35356,58190,961,60.49,14212,2021-12-01,Twitch,game_month,Dota 2,Dota 2,C:\Users\dthin\Downloads\Twitch_game_data.csv,usable,Dota 2,main,False,False,False,train
13,Counter-Strike: Global Offensive,1,2022,40012823,1017881,436181,2748,166711,53853,1369,39.31,14414,2022-01-01,Twitch,game_month,Counter-Strike: Global Offensive,Counter-Strike: Global Offensive,C:\Users\dthin\Downloads\Twitch_game_data.csv,usable,Counter-Strike,main,False,False,False,train
2,League of Legends,1,2022,184282005,3368623,669460,8924,321715,248024,4533,54.71,14403,2022-01-01,Twitch,game_month,League of Legends,League of Legends,C:\Users\dthin\Downloads\Twitch_game_data.csv,usable,League of Legends,main,False,False,False,train
5,VALORANT,1,2022,84354184,3736976,288190,8721,430961,113531,5029,22.57,14406,2022-01-01,Twitch,game_month,VALORANT,VALORANT,C:\Users\dthin\Downloads\Twitch_game_data.csv,usable,Valorant,main,False,False,False,train
12,Dota 2,1,2022,44366090,756545,224463,2353,56783,59712,1018,58.64,14413,2022-01-01,Twitch,game_month,Dota 2,Dota 2,C:\Users\dthin\Downloads\Twitch_game_data.csv,usable,Dota 2,main,False,False,False,train
11,Dota 2,2,2022,36600076,646018,185278,1808,53299,54545,962,56.65,14612,2022-02-01,Twitch,game_month,Dota 2,Dota 2,C:\Users\dthin\Downloads\Twitch_game_data.csv,usable,Dota 2,main,False,False,False,train
6,Counter-Strike: Global Offensive,2,2022,67421442,886058,995138,2618,150560,100479,1320,76.09,14607,2022-02-01,Twitch,game_month,Counter-Strike: Global Offensive,Counter-Strike: Global Offensive,C:\Users\dthin\Downloads\Twitch_game_data.csv,usable,Counter-Strike,main,False,False,False,train
3,League of Legends,2,2022,134681108,2540382,642461,6195,269108,200717,3785,53.02,14604,2022-02-01,Twitch,game_month,League of Legends,League of Legends,C:\Users\dthin\Downloads\Twitch_game_data.csv,usable,League of Legends,main,False,False,False,train
5,VALORANT,2,2022,89088184,3303775,353603,7202,401078,132769,4923,26.97,14606,2022-02-01,Twitch,game_month,VALORANT,VALORANT,C:\Users\dthin\Downloads\Twitch_game_data.csv,usable,Valorant,main,False,False,False,train
8,Counter-Strike: Global Offensive,3,2022,55974322,864927,360389,2341,133185,75335,1164,64.72,14809,2022-03-01,Twitch,game_month,Counter-Strike: Global Offensive,Counter-Strike: Global Offensive,C:\Users\dthin\Downloads\Twitch_game_data.csv,usable,Counter-Strike,main,False,False,False,train
2,League of Legends,3,2022,138562317,2475818,684463,5036,242170,186490,3332,55.97,14803,2022-03-01,Twitch,game_month,League of Legends,League of Legends,C:\Users\dthin\Downloads\Twitch_game_data.csv,usable,League of Legends,main,False,False,False,train
5,VALORANT,3,2022,110480891,3649216,376658,7434,404788,148695,4911,30.28,14806,2022-03-01,Twitch,game_month,VALORANT,VALORANT,C:\Users\dthin\Downloads\Twitch_game_data.csv,usable,Valorant,main,False,False,False,train
13,Dota 2,3,2022,34738690,568148,187801,1355,43660,46754,764,61.14,14814,2022-03-01,Twitch,game_month,Dota 2,Dota 2,C:\Users\dthin\Downloads\Twitch_game_data.csv,usable,Dota 2,main,False,False,False,train
9,Dota 2,4,2022,37597240,554415,155770,1414,41780,52291,771,67.81,15010,2022-04-01,Twitch,game_month,Dota 2,Dota 2,C:\Users\dthin\Downloads\Twitch_game_data.csv,usable,Dota 2,main,False,False,False,train
7,Counter-Strike: Global Offensive,4,2022,59002939,802622,441386,2200,122078,82062,1116,73.51,15008,2022-04-01,Twitch,game_month,Counter-Strike: Global Offensive,Counter-Strike: Global Offensive,C:\Users\dthin\Downloads\Twitch_game_data.csv,usable,Counter-Strike,main,False,False,False,train
4,VALORANT,4,2022,113078506,3705997,984205,8081,415290,157271,5154,30.51,15005,2022-04-01,Twitch,game_month,VALORANT,VALORANT,C:\Users\dthin\Downloads\Twitch_game_data.csv,usable,Valorant,main,False,False,False,train
2,League of Legends,4,2022,129717062,2521545,1051564,5044,239721,180413,3507,51.44,15003,2022-04-01,Twitch,game_month,League of Legends,League of Legends,C:\Users\dthin\Downloads\Twitch_game_data.csv,usable,League of Legends,main,False,False,False,train
2,League of Legends,5,2022,159489005,2534691,1385974,5157,237227,214655,3411,62.92,15203,2022-05-01,Twitch,game_month,League of Legends,League of Legends,C:\Users\dthin\Downloads\Twitch_game_data.csv,usable,League of Legends,main,False,False,False,train
4,VALORANT,5,2022,100270805,3769245,330830,7251,414170,134953,5073,26.6,15205,2022-05-01,Twitch,game_month,VALORANT,VALORANT,C:\Users\dthin\Downloads\Twitch_game_data.csv,usable,Valorant,main,False,False,False,train
5,Counter-Strike: Global Offensive,5,2022,93930915,845157,1687805,2202,121653,126421,1137,111.14,15206,2022-05-01,Twitch,game_month,Counter-Strike: Global Offensive,Counter-Strike: Global Offensive,C:\Users\dthin\Downloads\Twitch_game_data.csv,usable,Counter-Strike,main,False,False,True,train
8,Dota 2,5,2022,48939002,586231,449377,1361,44246,65866,789,83.48,15209,2022-05-01,Twitch,game_month,Dota 2,Dota 2,C:\Users\dthin\Downloads\Twitch_game_data.csv,usable,Dota 2,main,False,False,False,train
2,League of Legends,6,2022,118681394,2233256,487688,4476,222695,165064,3106,53.14,15403,2022-06-01,Twitch,game_month,League of Legends,League of Legends,C:\Users\dthin\Downloads\Twitch_game_data.csv,usable,League of Legends,main,False,False,False,train
4,VALORANT,6,2022,101762186,3678688,384579,8172,413509,141532,5116,27.66,15405,2022-06-01,Twitch,game_month,VALORANT,VALORANT,C:\Users\dthin\Downloads\Twitch_game_data.csv,usable,Valorant,main,False,False,False,train
5,Counter-Strike: Global Offensive,6,2022,56442633,840093,534107,2173,125497,78501,1168,67.19,15406,2022-06-01,Twitch,game_month,Counter-Strike: Global Offensive,Counter-Strike: Global Offensive,C:\Users\dthin\Downloads\Twitch_game_data.csv,usable,Counter-Strike,main,False,False,False,train
9,Dota 2,6,2022,40045116,590825,167501,1430,45672,55695,821,67.78,15410,2022-06-01,Twitch,game_month,Dota 2,Dota 2,C:\Users\dthin\Downloads\Twitch_game_data.csv,usable,Dota 2,main,False,False,False,train
9,Dota 2,7,2022,45268112,618363,337927,1428,47049,60926,832,73.21,15610,2022-07-01,Twitch,game_month,Dota 2,Dota 2,C:\Users\dthin\Downloads\Twitch_game_data.csv,usable,Dota 2,main,False,False,False,train
7,Counter-Strike: Global Offensive,7,2022,51096287,848961,1153750,2055,130195,68770,1142,60.19,15608,2022-07-01,Twitch,game_month,Counter-Strike: Global Offensive,Counter-Strike: Global Offensive,C:\Users\dthin\Downloads\Twitch_game_data.csv,usable,Counter-Strike,main,False,False,True,train
3,VALORANT,7,2022,120711351,4141409,691026,7631,450134,162464,5573,29.15,15604,2022-07-01,Twitch,game_month,VALORANT,VALORANT,C:\Users\dthin\Downloads\Twitch_game_data.csv,usable,Valorant,main,False,False,False,train
2,League of Legends,7,2022,121287274,2287292,546382,4541,229473,163239,3078,53.03,15603,2022-07-01,Twitch,game_month,League of Legends,League of Legends,C:\Users\dthin\Downloads\Twitch_game_data.csv,usable,League of Legends,main,False,False,False,train
2,League of Legends,8,2022,133284504,2224676,854400,7219,222853,179386,2994,59.91,15803,2022-08-01,Twitch,game_month,League of Legends,League of Legends,C:\Users\dthin\Downloads\Twitch_game_data.csv,usable,League of Legends,main,False,False,False,train
4,VALORANT,8,2022,111366969,4224034,721411,13550,451029,149888,5685,26.37,15805,2022-08-01,Twitch,game_month,VALORANT,VALORANT,C:\Users\dthin\Downloads\Twitch_game_data.csv,usable,Valorant,main,False,False,False,train
7,Dota 2,8,2022,56810142,651161,666026,1514,49178,76460,876,87.24,15808,2022-08-01,Twitch,game_month,Dota 2,Dota 2,C:\Users\dthin\Downloads\Twitch_game_data.csv,usable,Dota 2,main,False,False,True,train
10,Counter-Strike: Global Offensive,8,2022,42556325,876860,313850,2220,133460,57276,1180,48.53,15811,2022-08-01,Twitch,game_month,Counter-Strike: Global Offensive,Counter-Strike: Global Offensive,C:\Users\dthin\Downloads\Twitch_game_data.csv,usable,Counter-Strike,main,False,False,False,train
2,VALORANT,9,2022,127153372,3949200,1197406,7885,424130,176847,5492,32.2,16003,2022-09-01,Twitch,game_month,VALORANT,VALORANT,C:\Users\dthin\Downloads\Twitch_game_data.csv,usable,Valorant,main,False,False,False,train
3,League of Legends,9,2022,114539360,2152783,1026764,4447,214447,159303,2994,53.21,16004,2022-09-01,Twitch,game_month,League of Legends,League of Legends,C:\Users\dthin\Downloads\Twitch_game_data.csv,usable,League of Legends,main,False,False,False,train
6,Counter-Strike: Global Offensive,9,2022,58486237,797252,454739,2128,119721,81343,1108,73.36,16007,2022-09-01,Twitch,game_month,Counter-Strike: Global Offensive,Counter-Strike: Global Offensive,C:\Users\dthin\Downloads\Twitch_game_data.csv,usable,Counter-Strike,main,False,False,False,train
7,Dota 2,9,2022,47549018,680665,290187,1838,48411,66132,946,69.86,16008,2022-09-01,Twitch,game_month,Dota 2,Dota 2,C:\Users\dthin\Downloads\Twitch_game_data.csv,usable,Dota 2,main,False,False,False,train
8,Counter-Strike: Global Offensive,10,2022,56602588,762067,681874,1993,110356,76181,1025,74.28,16209,2022-10-01,Twitch,game_month,Counter-Strike: Global Offensive,Counter-Strike: Global Offensive,C:\Users\dthin\Downloads\Twitch_game_data.csv,usable,Counter-Strike,main,False,False,False,train
6,VALORANT,10,2022,70045411,3399059,283710,7662,377910,94273,4574,20.61,16207,2022-10-01,Twitch,game_month,VALORANT,VALORANT,C:\Users\dthin\Downloads\Twitch_game_data.csv,usable,Valorant,main,False,False,False,train
2,League of Legends,10,2022,159646745,2036314,1594928,4506,204092,214867,2740,78.4,16203,2022-10-01,Twitch,game_month,League of Legends,League of Legends,C:\Users\dthin\Downloads\Twitch_game_data.csv,usable,League of Legends,main,False,False,True,train
5,Dota 2,10,2022,83032166,656224,1037857,1845,50170,111752,883,126.53,16206,2022-10-01,Twitch,game_month,Dota 2,Dota 2,C:\Users\dthin\Downloads\Twitch_game_data.csv,usable,Dota 2,main,True,True,True,train
3,League of Legends,11,2022,92645258,1851622,3145012,4184,195040,128852,2575,50.03,16404,2022-11-01,Twitch,game_month,League of Legends,League of Legends,C:\Users\dthin\Downloads\Twitch_game_data.csv,usable,League of Legends,main,False,False,True,train
4,Counter-Strike: Global Offensive,11,2022,86942107,666047,1313814,1983,106614,120920,926,130.53,16405,2022-11-01,Twitch,game_month,Counter-Strike: Global Offensive,Counter-Strike: Global Offensive,C:\Users\dthin\Downloads\Twitch_game_data.csv,usable,Counter-Strike,main,False,False,True,train
5,VALORANT,11,2022,67635264,2812647,285380,6277,322363,94068,3911,24.05,16406,2022-11-01,Twitch,game_month,VALORANT,VALORANT,C:\Users\dthin\Downloads\Twitch_game_data.csv,usable,Valorant,main,False,False,False,train
16,Dota 2,11,2022,26828596,646136,79965,1847,51053,37313,898,41.52,16417,2022-11-01,Twitch,game_month,Dota 2,Dota 2,C:\Users\dthin\Downloads\Twitch_game_data.csv,usable,Dota 2,main,False,False,False,train
4,League of Legends,12,2022,69883580,1725112,232769,5404,189348,94055,2321,40.51,16605,2022-12-01,Twitch,game_month,League of Legends,League of Legends,C:\Users\dthin\Downloads\Twitch_game_data.csv,usable,League of Legends,main,False,False,False,train
5,VALORANT,12,2022,63821561,2771997,239228,8050,324189,85897,3730,23.02,16606,2022-12-01,Twitch,game_month,VALORANT,VALORANT,C:\Users\dthin\Downloads\Twitch_game_data.csv,usable,Valorant,main,False,False,False,train
12,Counter-Strike: Global Offensive,12,2022,31315331,682014,280430,2323,105795,42147,917,45.92,16613,2022-12-01,Twitch,game_month,Counter-Strike: Global Offensive,Counter-Strike: Global Offensive,C:\Users\dthin\Downloads\Twitch_game_data.csv,usable,Counter-Strike,main,False,False,False,train
13,Dota 2,12,2022,30478967,585331,146152,1550,47284,41021,787,52.07,16614,2022-12-01,Twitch,game_month,Dota 2,Dota 2,C:\Users\dthin\Downloads\Twitch_game_data.csv,usable,Dota 2,main,False,False,False,train
10,Counter-Strike: Global Offensive,1,2023,39153067,836436,325890,2315,126395,52695,1125,46.81,16811,2023-01-01,Twitch,game_month,Counter-Strike: Global Offensive,Counter-Strike: Global Offensive,C:\Users\dthin\Downloads\Twitch_game_data.csv,usable,Counter-Strike,main,False,False,False,validation
7,Dota 2,1,2023,43317513,628986,238148,1544,51212,58300,846,68.87,16808,2023-01-01,Twitch,game_month,Dota 2,Dota 2,C:\Users\dthin\Downloads\Twitch_game_data.csv,usable,Dota 2,main,False,False,False,validation
2,League of Legends,1,2023,126494155,2363972,640837,6356,231482,170247,3181,53.51,16803,2023-01-01,Twitch,game_month,League of Legends,League of Legends,C:\Users\dthin\Downloads\Twitch_game_data.csv,usable,League of Legends,main,False,False,False,validation
5,VALORANT,1,2023,80943179,3753614,533382,8784,400204,108941,5051,21.56,16806,2023-01-01,Twitch,game_month,VALORANT,VALORANT,C:\Users\dthin\Downloads\Twitch_game_data.csv,usable,Valorant,main,False,False,False,validation
2,League of Legends,2,2023,112897378,2009279,621379,5544,206265,168252,2994,56.19,17003,2023-02-01,Twitch,game_month,League of Legends,League of Legends,C:\Users\dthin\Downloads\Twitch_game_data.csv,usable,League of Legends,main,False,False,False,validation
4,VALORANT,2,2023,90542265,3198413,726751,9350,362540,134936,4766,28.31,17005,2023-02-01,Twitch,game_month,VALORANT,VALORANT,C:\Users\dthin\Downloads\Twitch_game_data.csv,usable,Valorant,main,False,False,False,validation
6,Counter-Strike: Global Offensive,2,2023,54680222,810501,586084,2348,119258,81490,1207,67.46,17007,2023-02-01,Twitch,game_month,Counter-Strike: Global Offensive,Counter-Strike: Global Offensive,C:\Users\dthin\Downloads\Twitch_game_data.csv,usable,Counter-Strike,main,False,False,False,validation
10,Dota 2,2,2023,37686338,561063,322405,1998,47509,56164,836,67.17,17011,2023-02-01,Twitch,game_month,Dota 2,Dota 2,C:\Users\dthin\Downloads\Twitch_game_data.csv,usable,Dota 2,main,False,False,False,validation
2,League of Legends,3,2023,123088070,2204299,565937,4736,214209,165663,2966,55.84,17203,2023-03-01,Twitch,game_month,League of Legends,League of Legends,C:\Users\dthin\Downloads\Twitch_game_data.csv,usable,League of Legends,main,False,False,False,validation
4,VALORANT,3,2023,96913750,3845475,1196352,7612,405553,130435,5175,25.2,17205,2023-03-01,Twitch,game_month,VALORANT,VALORANT,C:\Users\dthin\Downloads\Twitch_game_data.csv,usable,Valorant,main,False,False,False,validation
5,Counter-Strike: Global Offensive,3,2023,65844705,1005456,889692,3035,156919,88620,1353,65.49,17206,2023-03-01,Twitch,game_month,Counter-Strike: Global Offensive,Counter-Strike: Global Offensive,C:\Users\dthin\Downloads\Twitch_game_data.csv,usable,Counter-Strike,main,False,False,False,validation
7,Dota 2,3,2023,49367928,646613,400531,1711,52513,66444,870,76.35,17208,2023-03-01,Twitch,game_month,Dota 2,Dota 2,C:\Users\dthin\Downloads\Twitch_game_data.csv,usable,Dota 2,main,False,False,False,validation
7,Dota 2,4,2023,51887271,667406,264011,1889,50435,72165,928,77.74,17408,2023-04-01,Twitch,game_month,Dota 2,Dota 2,C:\Users\dthin\Downloads\Twitch_game_data.csv,usable,Dota 2,main,False,False,False,validation
5,Counter-Strike: Global Offensive,4,2023,81024311,1152844,579417,3097,173372,112690,1603,70.28,17406,2023-04-01,Twitch,game_month,Counter-Strike: Global Offensive,Counter-Strike: Global Offensive,C:\Users\dthin\Downloads\Twitch_game_data.csv,usable,Counter-Strike,main,False,False,False,validation
4,VALORANT,4,2023,100735394,3716337,450092,9021,393502,140104,5168,27.11,17405,2023-04-01,Twitch,game_month,VALORANT,VALORANT,C:\Users\dthin\Downloads\Twitch_game_data.csv,usable,Valorant,main,False,False,False,validation
3,League of Legends,4,2023,107070100,2213492,590729,4453,207129,148915,3078,48.37,17404,2023-04-01,Twitch,game_month,League of Legends,League of Legends,C:\Users\dthin\Downloads\Twitch_game_data.csv,usable,League of Legends,main,False,False,False,validation
2,League of Legends,5,2023,125468867,2189984,941712,5141,198215,168867,2947,57.29,17603,2023-05-01,Twitch,game_month,League of Legends,League of Legends,C:\Users\dthin\Downloads\Twitch_game_data.csv,usable,League of Legends,main,False,False,False,validation
3,VALORANT,5,2023,104898983,3609952,463978,9163,374578,141183,4858,29.06,17604,2023-05-01,Twitch,game_month,VALORANT,VALORANT,C:\Users\dthin\Downloads\Twitch_game_data.csv,usable,Valorant,main,False,False,False,validation
5,Counter-Strike: Global Offensive,5,2023,87965792,1087921,1117445,2829,151201,118392,1464,80.86,17606,2023-05-01,Twitch,game_month,Counter-Strike: Global Offensive,Counter-Strike: Global Offensive,C:\Users\dthin\Downloads\Twitch_game_data.csv,usable,Counter-Strike,main,False,False,True,validation
8,Dota 2,5,2023,50252490,681565,381725,2133,49927,67634,917,73.73,17609,2023-05-01,Twitch,game_month,Dota 2,Dota 2,C:\Users\dthin\Downloads\Twitch_game_data.csv,usable,Dota 2,main,False,False,False,validation
3,League of Legends,6,2023,95391662,1929571,433090,3855,189678,132672,2683,49.44,17804,2023-06-01,Twitch,game_month,League of Legends,League of Legends,C:\Users\dthin\Downloads\Twitch_game_data.csv,usable,League of Legends,main,False,False,False,validation
4,VALORANT,6,2023,93874896,3353002,606364,7682,361787,130563,4663,28.0,17805,2023-06-01,Twitch,game_month,VALORANT,VALORANT,C:\Users\dthin\Downloads\Twitch_game_data.csv,usable,Valorant,main,False,False,False,validation
6,Counter-Strike,6,2023,44628452,970168,450763,2505,138439,62070,1349,46.0,17807,2023-06-01,Twitch,game_month,Counter-Strike,Counter-Strike,C:\Users\dthin\Downloads\Twitch_game_data.csv,usable,Counter-Strike,main,False,False,False,validation
7,Dota 2,6,2023,43510932,638145,235862,1620,49776,60515,887,68.18,17808,2023-06-01,Twitch,game_month,Dota 2,Dota 2,C:\Users\dthin\Downloads\Twitch_game_data.csv,usable,Dota 2,main,False,False,False,validation
5,Counter-Strike,7,2023,60158134,1008002,420347,2383,139029,80966,1356,59.68,18006,2023-07-01,Twitch,game_month,Counter-Strike,Counter-Strike,C:\Users\dthin\Downloads\Twitch_game_data.csv,usable,Counter-Strike,main,False,False,False,validation
6,Dota 2,7,2023,56612129,690083,491483,1678,52343,76193,928,82.04,18007,2023-07-01,Twitch,game_month,Dota 2,Dota 2,C:\Users\dthin\Downloads\Twitch_game_data.csv,usable,Dota 2,main,False,False,False,validation
4,VALORANT,7,2023,90686069,3787688,372293,7223,389998,122053,5097,23.94,18005,2023-07-01,Twitch,game_month,VALORANT,VALORANT,C:\Users\dthin\Downloads\Twitch_game_data.csv,usable,Valorant,main,False,False,False,validation
3,League of Legends,7,2023,109733623,2143284,451932,5149,201992,147689,2884,51.2,18004,2023-07-01,Twitch,game_month,League of Legends,League of Legends,C:\Users\dthin\Downloads\Twitch_game_data.csv,usable,League of Legends,main,False,False,False,validation
3,VALORANT,8,2023,102551472,3600607,1020303,7090,371931,138023,4846,28.48,18204,2023-08-01,Twitch,game_month,VALORANT,VALORANT,C:\Users\dthin\Downloads\Twitch_game_data.csv,usable,Valorant,main,False,False,False,validation
4,League of Legends,8,2023,94213289,2114952,468659,4051,195382,126801,2846,44.55,18205,2023-08-01,Twitch,game_month,League of Legends,League of Legends,C:\Users\dthin\Downloads\Twitch_game_data.csv,usable,League of Legends,main,False,False,False,validation
5,Counter-Strike,8,2023,62909824,973683,579113,2401,141246,84670,1310,64.61,18206,2023-08-01,Twitch,game_month,Counter-Strike,Counter-Strike,C:\Users\dthin\Downloads\Twitch_game_data.csv,usable,Counter-Strike,main,False,False,False,validation
10,Dota 2,8,2023,36716464,801058,199817,2049,59771,49416,1078,45.83,18211,2023-08-01,Twitch,game_month,Dota 2,Dota 2,C:\Users\dthin\Downloads\Twitch_game_data.csv,usable,Dota 2,main,False,False,False,validation
3,League of Legends,9,2023,84406260,2052210,632419,4231,187818,117393,2854,41.13,18404,2023-09-01,Twitch,game_month,League of Legends,League of Legends,C:\Users\dthin\Downloads\Twitch_game_data.csv,usable,League of Legends,main,False,False,False,validation
4,VALORANT,9,2023,62045633,3146649,176516,6350,327869,86294,4376,19.72,18405,2023-09-01,Twitch,game_month,VALORANT,VALORANT,C:\Users\dthin\Downloads\Twitch_game_data.csv,usable,Valorant,main,False,False,False,validation
5,Counter-Strike,9,2023,44994327,703271,509583,4016,147814,62579,978,63.98,18406,2023-09-01,Twitch,game_month,Counter-Strike,Counter-Strike,C:\Users\dthin\Downloads\Twitch_game_data.csv,usable,Counter-Strike,main,False,False,False,validation
7,Dota 2,9,2023,39422264,738602,285964,1995,55189,54829,1027,53.37,18408,2023-09-01,Twitch,game_month,Dota 2,Dota 2,C:\Users\dthin\Downloads\Twitch_game_data.csv,usable,Dota 2,main,False,False,False,validation
6,VALORANT,10,2023,52384777,2691000,207437,5088,288845,70504,3621,19.47,18607,2023-10-01,Twitch,game_month,VALORANT,VALORANT,C:\Users\dthin\Downloads\Twitch_game_data.csv,usable,Valorant,main,False,False,False,validation
5,Counter-Strike,10,2023,64312173,1328993,556730,3811,197316,86557,1788,48.39,18606,2023-10-01,Twitch,game_month,Counter-Strike,Counter-Strike,C:\Users\dthin\Downloads\Twitch_game_data.csv,usable,Counter-Strike,main,False,False,False,validation
2,League of Legends,10,2023,128782068,2147326,1000001,4433,191168,173327,2890,59.97,18603,2023-10-01,Twitch,game_month,League of Legends,League of Legends,C:\Users\dthin\Downloads\Twitch_game_data.csv,usable,League of Legends,main,False,False,False,validation
4,Dota 2,10,2023,73160383,754966,1105363,1946,55726,98466,1016,96.91,18605,2023-10-01,Twitch,game_month,Dota 2,Dota 2,C:\Users\dthin\Downloads\Twitch_game_data.csv,usable,Dota 2,main,True,True,True,validation
2,League of Legends,11,2023,120768657,2134955,2597522,4403,196176,167967,2969,56.57,18803,2023-11-01,Twitch,game_month,League of Legends,League of Legends,C:\Users\dthin\Downloads\Twitch_game_data.csv,usable,League of Legends,main,False,False,True,validation
6,VALORANT,11,2023,64084810,2668606,239372,5422,280022,89130,3711,24.01,18807,2023-11-01,Twitch,game_month,VALORANT,VALORANT,C:\Users\dthin\Downloads\Twitch_game_data.csv,usable,Valorant,main,False,False,False,validation
8,Counter-Strike,11,2023,43726023,915397,380087,2482,133716,60815,1273,47.77,18809,2023-11-01,Twitch,game_month,Counter-Strike,Counter-Strike,C:\Users\dthin\Downloads\Twitch_game_data.csv,usable,Counter-Strike,main,False,False,False,validation
11,Dota 2,11,2023,33723081,794286,135782,2125,59455,46902,1104,42.46,18812,2023-11-01,Twitch,game_month,Dota 2,Dota 2,C:\Users\dthin\Downloads\Twitch_game_data.csv,usable,Dota 2,main,False,False,False,validation
4,League of Legends,12,2023,94407684,2117961,474549,4185,198073,127062,2850,44.57,19005,2023-12-01,Twitch,game_month,League of Legends,League of Legends,C:\Users\dthin\Downloads\Twitch_game_data.csv,usable,League of Legends,main,False,False,False,validation
6,VALORANT,12,2023,48540486,2605626,269737,5126,285186,65330,3506,18.63,19007,2023-12-01,Twitch,game_month,VALORANT,VALORANT,C:\Users\dthin\Downloads\Twitch_game_data.csv,usable,Valorant,main,False,False,False,validation
9,Counter-Strike,12,2023,36856925,826665,295211,2384,118676,49605,1112,44.59,19010,2023-12-01,Twitch,game_month,Counter-Strike,Counter-Strike,C:\Users\dthin\Downloads\Twitch_game_data.csv,usable,Counter-Strike,main,False,False,False,validation
10,Dota 2,12,2023,35182601,772904,249102,1973,58699,47352,1040,45.52,19011,2023-12-01,Twitch,game_month,Dota 2,Dota 2,C:\Users\dthin\Downloads\Twitch_game_data.csv,usable,Dota 2,main,False,False,False,validation
10,Dota 2,1,2024,43258831,910263,190051,2380,68280,58221,1225,47.52,19211,2024-01-01,Twitch,game_month,Dota 2,Dota 2,C:\Users\dthin\Downloads\Twitch_game_data.csv,usable,Dota 2,main,False,False,False,test
8,Counter-Strike,1,2024,51869838,940786,301259,2538,134995,69811,1266,55.13,19209,2024-01-01,Twitch,game_month,Counter-Strike,Counter-Strike,C:\Users\dthin\Downloads\Twitch_game_data.csv,usable,Counter-Strike,main,False,False,False,test
3,League of Legends,1,2024,143008800,2508016,782121,6395,224380,192474,3375,57.02,19204,2024-01-01,Twitch,game_month,League of Legends,League of Legends,C:\Users\dthin\Downloads\Twitch_game_data.csv,usable,League of Legends,main,False,False,False,test
7,VALORANT,1,2024,59453011,3381408,182952,7060,342692,80017,4551,17.58,19208,2024-01-01,Twitch,game_month,VALORANT,VALORANT,C:\Users\dthin\Downloads\Twitch_game_data.csv,usable,Valorant,main,False,False,False,test
3,League of Legends,2,2024,127453804,2181065,892673,6477,200172,183386,3138,58.44,19404,2024-02-01,Twitch,game_month,League of Legends,League of Legends,C:\Users\dthin\Downloads\Twitch_game_data.csv,usable,League of Legends,main,False,False,False,test
4,VALORANT,2,2024,90161309,3122877,520981,8062,322750,129728,4493,28.87,19405,2024-02-01,Twitch,game_month,VALORANT,VALORANT,C:\Users\dthin\Downloads\Twitch_game_data.csv,usable,Valorant,main,False,False,False,test
6,Counter-Strike,2,2024,65663958,955579,735109,2772,137248,94480,1374,68.72,19407,2024-02-01,Twitch,game_month,Counter-Strike,Counter-Strike,C:\Users\dthin\Downloads\Twitch_game_data.csv,usable,Counter-Strike,main,False,False,False,test
7,Dota 2,2,2024,44810945,832398,321497,2376,64932,64476,1197,53.83,19408,2024-02-01,Twitch,game_month,Dota 2,Dota 2,C:\Users\dthin\Downloads\Twitch_game_data.csv,usable,Dota 2,main,False,False,False,test
3,League of Legends,3,2024,113501154,1900520,960116,10243,178742,152760,2557,59.72,19604,2024-03-01,Twitch,game_month,League of Legends,League of Legends,C:\Users\dthin\Downloads\Twitch_game_data.csv,usable,League of Legends,main,False,False,False,test
4,VALORANT,3,2024,100193070,3372286,1269520,15066,345290,134849,4538,29.71,19605,2024-03-01,Twitch,game_month,VALORANT,VALORANT,C:\Users\dthin\Downloads\Twitch_game_data.csv,usable,Valorant,main,False,False,False,test
5,Counter-Strike,3,2024,90657075,979017,1548040,6052,143064,122014,1317,92.6,19606,2024-03-01,Twitch,game_month,Counter-Strike,Counter-Strike,C:\Users\dthin\Downloads\Twitch_game_data.csv,usable,Counter-Strike,main,False,False,True,test
7,Dota 2,3,2024,47797282,848840,1136814,4584,65345,64330,1142,56.31,19608,2024-03-01,Twitch,game_month,Dota 2,Dota 2,C:\Users\dthin\Downloads\Twitch_game_data.csv,usable,Dota 2,main,False,False,True,test
5,Counter-Strike,4,2024,53930281,923907,274152,2562,132652,75007,1284,58.37,19806,2024-04-01,Twitch,game_month,Counter-Strike,Counter-Strike,C:\Users\dthin\Downloads\Twitch_game_data.csv,usable,Counter-Strike,main,False,False,False,test
7,Dota 2,4,2024,46690093,823388,457902,2549,59666,64937,1145,56.7,19808,2024-04-01,Twitch,game_month,Dota 2,Dota 2,C:\Users\dthin\Downloads\Twitch_game_data.csv,usable,Dota 2,main,False,False,False,test
4,VALORANT,4,2024,85730081,3102275,864444,9001,324038,119235,4314,27.63,19805,2024-04-01,Twitch,game_month,VALORANT,VALORANT,C:\Users\dthin\Downloads\Twitch_game_data.csv,usable,Valorant,main,False,False,False,test
3,League of Legends,4,2024,95612757,1724083,712950,3969,160924,132980,2397,55.46,19804,2024-04-01,Twitch,game_month,League of Legends,League of Legends,C:\Users\dthin\Downloads\Twitch_game_data.csv,usable,League of Legends,main,False,False,False,test
3,League of Legends,5,2024,112942948,1795633,908794,3815,159076,152009,2416,62.9,20004,2024-05-01,Twitch,game_month,League of Legends,League of Legends,C:\Users\dthin\Downloads\Twitch_game_data.csv,usable,League of Legends,main,False,False,False,test
4,VALORANT,5,2024,81865476,2951951,407450,6854,304417,110182,3973,27.73,20005,2024-05-01,Twitch,game_month,VALORANT,VALORANT,C:\Users\dthin\Downloads\Twitch_game_data.csv,usable,Valorant,main,False,False,False,test
5,Counter-Strike,5,2024,54980453,862006,312279,2411,120394,73997,1160,63.78,20006,2024-05-01,Twitch,game_month,Counter-Strike,Counter-Strike,C:\Users\dthin\Downloads\Twitch_game_data.csv,usable,Counter-Strike,main,False,False,False,test
6,Dota 2,5,2024,49524757,863165,356874,2203,61170,66655,1161,57.38,20007,2024-05-01,Twitch,game_month,Dota 2,Dota 2,C:\Users\dthin\Downloads\Twitch_game_data.csv,usable,Dota 2,main,False,False,False,test
8,Dota 2,6,2024,39751204,754055,151249,1981,57547,55286,1048,52.72,20209,2024-06-01,Twitch,game_month,Dota 2,Dota 2,C:\Users\dthin\Downloads\Twitch_game_data.csv,usable,Dota 2,main,False,False,False,test
3,League of Legends,6,2024,93546536,1606678,503077,3218,146240,130106,2234,58.22,20204,2024-06-01,Twitch,game_month,League of Legends,League of Legends,C:\Users\dthin\Downloads\Twitch_game_data.csv,usable,League of Legends,main,False,False,False,test
5,VALORANT,6,2024,69728603,3024030,543794,6531,369156,96979,4205,23.06,20206,2024-06-01,Twitch,game_month,VALORANT,VALORANT,C:\Users\dthin\Downloads\Twitch_game_data.csv,usable,Valorant,main,False,False,False,test
6,Counter-Strike,6,2024,43025111,761544,600631,1982,109483,59840,1059,56.5,20207,2024-06-01,Twitch,game_month,Counter-Strike,Counter-Strike,C:\Users\dthin\Downloads\Twitch_game_data.csv,usable,Counter-Strike,main,False,False,False,test
3,League of Legends,7,2024,90011100,1614871,510978,3849,145951,121145,2173,55.74,20404,2024-07-01,Twitch,game_month,League of Legends,League of Legends,C:\Users\dthin\Downloads\Twitch_game_data.csv,usable,League of Legends,main,False,False,False,test
4,VALORANT,7,2024,83204212,3302418,345752,6083,394943,111984,4444,25.19,20405,2024-07-01,Twitch,game_month,VALORANT,VALORANT,C:\Users\dthin\Downloads\Twitch_game_data.csv,usable,Valorant,main,False,False,False,test
5,Dota 2,7,2024,47807855,740308,349335,1822,57753,64344,996,64.58,20406,2024-07-01,Twitch,game_month,Dota 2,Dota 2,C:\Users\dthin\Downloads\Twitch_game_data.csv,usable,Dota 2,main,False,False,False,test
7,Counter-Strike,7,2024,40393285,786387,607518,2031,110517,54365,1058,51.37,20408,2024-07-01,Twitch,game_month,Counter-Strike,Counter-Strike,C:\Users\dthin\Downloads\Twitch_game_data.csv,usable,Counter-Strike,main,False,False,False,test
5,Counter-Strike,8,2024,62157945,866443,721256,2189,116449,83658,1166,71.74,20606,2024-08-01,Twitch,game_month,Counter-Strike,Counter-Strike,C:\Users\dthin\Downloads\Twitch_game_data.csv,usable,Counter-Strike,main,False,False,False,test
8,Dota 2,8,2024,37435410,744711,197289,1892,58401,50384,1002,50.27,20609,2024-08-01,Twitch,game_month,Dota 2,Dota 2,C:\Users\dthin\Downloads\Twitch_game_data.csv,usable,Dota 2,main,False,False,False,test
3,VALORANT,8,2024,91324800,3412960,1420514,6428,413227,122913,4593,26.76,20604,2024-08-01,Twitch,game_month,VALORANT,VALORANT,C:\Users\dthin\Downloads\Twitch_game_data.csv,usable,Valorant,main,False,False,True,test
4,League of Legends,8,2024,90666363,1531072,1138708,2882,137707,122027,2060,59.22,20605,2024-08-01,Twitch,game_month,League of Legends,League of Legends,C:\Users\dthin\Downloads\Twitch_game_data.csv,usable,League of Legends,main,False,False,False,test
4,Dota 2,9,2024,66060227,690073,1528106,1971,55675,91877,959,95.73,20805,2024-09-01,Twitch,game_month,Dota 2,Dota 2,C:\Users\dthin\Downloads\Twitch_game_data.csv,usable,Dota 2,main,False,True,True,test
6,VALORANT,9,2024,56906574,2905738,195413,5907,333912,79146,4041,19.58,20807,2024-09-01,Twitch,game_month,VALORANT,VALORANT,C:\Users\dthin\Downloads\Twitch_game_data.csv,usable,Valorant,main,False,False,False,test
2,League of Legends,9,2024,99734071,1554795,796676,3609,137580,138712,2162,64.15,20803,2024-09-01,Twitch,game_month,League of Legends,League of Legends,C:\Users\dthin\Downloads\Twitch_game_data.csv,usable,League of Legends,main,False,False,False,test
7,Counter-Strike,9,2024,56131901,834364,601330,2301,110727,78069,1160,67.28,20808,2024-09-01,Twitch,game_month,Counter-Strike,Counter-Strike,C:\Users\dthin\Downloads\Twitch_game_data.csv,usable,Counter-Strike,main,False,False,False,test
