game_family,quarter,period_start,split,target_policy,actual_prize_pool_usd,evaluation_available,evaluation_status,protocol,model,model_label,predicted_prize_pool_usd,residual_usd,absolute_error_usd,squared_error_usd2,error_direction,is_primary_model,is_baseline_model
Counter-Strike,2024Q1,2024-01-01,validation,source,3740346.01,True,evaluated,rolling_one_step,linear_regression,Linear regression,4361617.148779973,-621271.1387799736,621271.1387799736,385977827880.9652,overprediction,False,False
Dota 2,2024Q1,2024-01-01,validation,source,4663736.6,True,evaluated,rolling_one_step,linear_regression,Linear regression,8134567.09874676,-3470830.49874676,3470830.49874676,12046664351030.684,overprediction,False,False
League of Legends,2024Q1,2024-01-01,validation,source,1852987.38,True,evaluated,rolling_one_step,linear_regression,Linear regression,1835612.8852191311,17374.494780868758,17374.494780868758,301873068.8904357,underprediction,False,False
Valorant,2024Q1,2024-01-01,validation,source,1380403.75,True,evaluated,rolling_one_step,linear_regression,Linear regression,1608803.9424989491,-228400.19249894912,228400.19249894912,52166647933.557014,overprediction,False,False
Counter-Strike,2024Q2,2024-04-01,validation,source,5821253.28,True,evaluated,rolling_one_step,linear_regression,Linear regression,4822930.794758784,998322.4852412166,998322.4852412166,996647784538.1991,underprediction,False,False
Dota 2,2024Q2,2024-04-01,validation,source,3795205.76,True,evaluated,rolling_one_step,linear_regression,Linear regression,9946748.250731688,-6151542.490731688,6151542.490731688,37841475015277.42,overprediction,False,False
League of Legends,2024Q2,2024-04-01,validation,source,2314419.65,True,evaluated,rolling_one_step,linear_regression,Linear regression,2152793.894776402,161625.75522359787,161625.75522359787,26122884751.598373,underprediction,False,False
Valorant,2024Q2,2024-04-01,validation,source,2611976.19,True,evaluated,rolling_one_step,linear_regression,Linear regression,1776552.065325752,835424.124674248,835424.124674248,697933468087.7335,underprediction,False,False
Counter-Strike,2024Q3,2024-07-01,validation,source,6991614.41,True,evaluated,rolling_one_step,linear_regression,Linear regression,6629499.409184445,362115.00081555545,362115.00081555545,131127273815.64972,underprediction,False,False
Dota 2,2024Q3,2024-07-01,validation,source,9504705.2,True,evaluated,rolling_one_step,linear_regression,Linear regression,16415543.795784,-6910838.595784001,6910838.595784001,47759690096977.78,overprediction,False,False
League of Legends,2024Q3,2024-07-01,validation,source,3946441.75,True,evaluated,rolling_one_step,linear_regression,Linear regression,3176799.5387046565,769642.2112953435,769642.2112953435,592349133407.5862,underprediction,False,False
Valorant,2024Q3,2024-07-01,validation,source,2386340.52,True,evaluated,rolling_one_step,linear_regression,Linear regression,3680621.075416728,-1294280.555416728,1294280.555416728,1675162156129.8337,overprediction,False,False
Counter-Strike,2024Q4,2024-10-01,validation,source,5460014.35,True,evaluated,rolling_one_step,linear_regression,Linear regression,5731230.722520919,-271216.37252091896,271216.37252091896,73558320723.40588,overprediction,False,False
Dota 2,2024Q4,2024-10-01,validation,source,5849012.0,True,evaluated,rolling_one_step,linear_regression,Linear regression,10378344.925270922,-4529332.9252709225,4529332.9252709225,20514856747943.25,overprediction,False,False
League of Legends,2024Q4,2024-10-01,validation,source,516049.87,True,evaluated,rolling_one_step,linear_regression,Linear regression,4660789.58502675,-4144739.71502675,4144739.71502675,17178867305320.027,overprediction,False,False
Valorant,2024Q4,2024-10-01,validation,source,780969.3,True,evaluated,rolling_one_step,linear_regression,Linear regression,2252955.353503416,-1471986.0535034158,1471986.0535034158,2166742941708.5608,overprediction,False,False
Counter-Strike,2025Q1,2025-01-01,test,source,5296677.41,True,evaluated,rolling_one_step,linear_regression,Linear regression,3761292.430911663,1535384.9790883372,1535384.9790883372,2357407034010.0938,underprediction,False,False
Dota 2,2025Q1,2025-01-01,test,source,4292000.0,True,evaluated,rolling_one_step,linear_regression,Linear regression,8030409.940914222,-3738409.940914222,3738409.940914222,13975708886326.277,overprediction,False,False
League of Legends,2025Q1,2025-01-01,test,source,1268038.9,True,evaluated,rolling_one_step,linear_regression,Linear regression,1610236.0105550815,-342197.1105550816,342197.1105550816,117098862472.24677,overprediction,False,False
Valorant,2025Q1,2025-01-01,test,source,529420.68,True,evaluated,rolling_one_step,linear_regression,Linear regression,680014.3812627718,-150593.70126277173,150593.70126277173,22678462860.020935,overprediction,False,False
Counter-Strike,2025Q2,2025-04-01,test,source,6116858.42,True,evaluated,rolling_one_step,linear_regression,Linear regression,5994516.637511816,122341.78248818405,122341.78248818405,14967511742.386137,underprediction,False,False
Dota 2,2025Q2,2025-04-01,test,source,5300000.0,True,evaluated,rolling_one_step,linear_regression,Linear regression,7825782.974760861,-2525782.974760861,2525782.974760861,6379579635591.825,overprediction,False,False
League of Legends,2025Q2,2025-04-01,test,source,2011163.2,True,evaluated,rolling_one_step,linear_regression,Linear regression,1815342.2421145616,195820.95788543834,195820.95788543834,38345847547.170616,underprediction,False,False
Valorant,2025Q2,2025-04-01,test,source,,False,target_missing_prediction_only,rolling_one_step,linear_regression,Linear regression,1028408.7121688564,,,,not_evaluated_or_exact,False,False
Counter-Strike,2025Q3,2025-07-01,test,source,4825904.63,True,evaluated,rolling_one_step,linear_regression,Linear regression,8355232.156136844,-3529327.5261368444,3529327.5261368444,12456152786747.219,overprediction,False,False
Dota 2,2025Q3,2025-07-01,test,source,5881466.0,True,evaluated,rolling_one_step,linear_regression,Linear regression,12739355.51662772,-6857889.51662772,6857889.51662772,47030648622272.375,overprediction,False,False
League of Legends,2025Q3,2025-07-01,test,source,2000000.0,True,evaluated,rolling_one_step,linear_regression,Linear regression,4440879.593544688,-2440879.593544688,2440879.593544688,5957893190182.882,overprediction,False,False
Valorant,2025Q3,2025-07-01,test,source,1250000.0,True,evaluated,rolling_one_step,linear_regression,Linear regression,2944999.606400612,-1694999.6064006118,1694999.6064006118,2873023665698.229,overprediction,False,False
Counter-Strike,2025Q4,2025-10-01,test,source,656021.05,True,evaluated,rolling_one_step,linear_regression,Linear regression,6486277.205221141,-5830256.155221141,5830256.155221141,33991886835494.0,overprediction,False,False
Dota 2,2025Q4,2025-10-01,test,source,1000000.0,True,evaluated,rolling_one_step,linear_regression,Linear regression,10072220.19999102,-9072220.19999102,9072220.19999102,82305179357125.1,overprediction,False,False
League of Legends,2025Q4,2025-10-01,test,source,,False,target_missing_prediction_only,rolling_one_step,linear_regression,Linear regression,1826942.625610469,,,,not_evaluated_or_exact,False,False
Valorant,2025Q4,2025-10-01,test,source,,False,target_missing_prediction_only,rolling_one_step,linear_regression,Linear regression,1321857.7708037202,,,,not_evaluated_or_exact,False,False
Counter-Strike,2024Q1,2024-01-01,validation,source,3740346.01,True,evaluated,rolling_one_step,random_forest,Random forest,5279549.698329329,-1539203.6883293288,1539203.6883293288,2369147994166.6094,overprediction,True,False
Dota 2,2024Q1,2024-01-01,validation,source,4663736.6,True,evaluated,rolling_one_step,random_forest,Random forest,5987197.113290334,-1323460.5132903345,1323460.5132903345,1751547730238.7156,overprediction,True,False
League of Legends,2024Q1,2024-01-01,validation,source,1852987.38,True,evaluated,rolling_one_step,random_forest,Random forest,2338944.401441983,-485957.02144198306,485957.02144198306,236154226688.76398,overprediction,True,False
Valorant,2024Q1,2024-01-01,validation,source,1380403.75,True,evaluated,rolling_one_step,random_forest,Random forest,3155725.439571236,-1775321.6895712358,1775321.6895712358,3151767101462.0674,overprediction,True,False
Counter-Strike,2024Q2,2024-04-01,validation,source,5821253.28,True,evaluated,rolling_one_step,random_forest,Random forest,5289292.764402218,531960.5155977821,531960.5155977821,282981990155.05817,underprediction,True,False
Dota 2,2024Q2,2024-04-01,validation,source,3795205.76,True,evaluated,rolling_one_step,random_forest,Random forest,6350561.483037654,-2555355.7230376545,2555355.7230376545,6529842871261.294,overprediction,True,False
League of Legends,2024Q2,2024-04-01,validation,source,2314419.65,True,evaluated,rolling_one_step,random_forest,Random forest,2386574.7573012905,-72155.10730129061,72155.10730129061,5206359509.660762,overprediction,True,False
Valorant,2024Q2,2024-04-01,validation,source,2611976.19,True,evaluated,rolling_one_step,random_forest,Random forest,2897533.222254838,-285557.0322548379,285557.0322548379,81542818670.19054,overprediction,True,False
Counter-Strike,2024Q3,2024-07-01,validation,source,6991614.41,True,evaluated,rolling_one_step,random_forest,Random forest,6056495.408279125,935119.0017208755,935119.0017208755,874447547379.4468,underprediction,True,False
Dota 2,2024Q3,2024-07-01,validation,source,9504705.2,True,evaluated,rolling_one_step,random_forest,Random forest,15186344.935927449,-5681639.73592745,5681639.73592745,32281030088869.74,overprediction,True,False
League of Legends,2024Q3,2024-07-01,validation,source,3946441.75,True,evaluated,rolling_one_step,random_forest,Random forest,2386053.105638244,1560388.6443617558,1560388.6443617558,2434812721453.118,underprediction,True,False
Valorant,2024Q3,2024-07-01,validation,source,2386340.52,True,evaluated,rolling_one_step,random_forest,Random forest,2516240.2330523664,-129899.7130523664,129899.7130523664,16873935451.087128,overprediction,True,False
Counter-Strike,2024Q4,2024-10-01,validation,source,5460014.35,True,evaluated,rolling_one_step,random_forest,Random forest,5471654.019754572,-11639.669754572213,11639.669754572213,135481911.99550316,overprediction,True,False
Dota 2,2024Q4,2024-10-01,validation,source,5849012.0,True,evaluated,rolling_one_step,random_forest,Random forest,7074107.703505624,-1225095.703505624,1225095.703505624,1500859482747.94,overprediction,True,False
League of Legends,2024Q4,2024-10-01,validation,source,516049.87,True,evaluated,rolling_one_step,random_forest,Random forest,3286363.752201867,-2770313.8822018667,2770313.8822018667,7674639005920.378,overprediction,True,False
Valorant,2024Q4,2024-10-01,validation,source,780969.3,True,evaluated,rolling_one_step,random_forest,Random forest,2602543.6839549253,-1821574.3839549252,1821574.3839549252,3318133236280.765,overprediction,True,False
Counter-Strike,2025Q1,2025-01-01,test,source,5296677.41,True,evaluated,rolling_one_step,random_forest,Random forest,4980006.262533637,316671.1474663634,316671.1474663634,100280615637.66327,underprediction,True,False
Dota 2,2025Q1,2025-01-01,test,source,4292000.0,True,evaluated,rolling_one_step,random_forest,Random forest,5331258.927296195,-1039258.9272961952,1039258.9272961952,1080059117964.8383,overprediction,True,False
League of Legends,2025Q1,2025-01-01,test,source,1268038.9,True,evaluated,rolling_one_step,random_forest,Random forest,3853128.279084928,-2585089.379084928,2585089.379084928,6682687097857.698,overprediction,True,False
Valorant,2025Q1,2025-01-01,test,source,529420.68,True,evaluated,rolling_one_step,random_forest,Random forest,2346909.500483908,-1817488.820483908,1817488.820483908,3303265612583.9873,overprediction,True,False
Counter-Strike,2025Q2,2025-04-01,test,source,6116858.42,True,evaluated,rolling_one_step,random_forest,Random forest,5188753.646901222,928104.773098778,928104.773098778,861378469848.7341,underprediction,True,False
Dota 2,2025Q2,2025-04-01,test,source,5300000.0,True,evaluated,rolling_one_step,random_forest,Random forest,5196003.390372945,103996.609627055,103996.609627055,10815294813.92207,underprediction,True,False
League of Legends,2025Q2,2025-04-01,test,source,2011163.2,True,evaluated,rolling_one_step,random_forest,Random forest,2489424.4469519863,-478261.24695198634,478261.24695198634,228733820336.06885,overprediction,True,False
Valorant,2025Q2,2025-04-01,test,source,,False,target_missing_prediction_only,rolling_one_step,random_forest,Random forest,2844416.8257859405,,,,not_evaluated_or_exact,True,False
Counter-Strike,2025Q3,2025-07-01,test,source,4825904.63,True,evaluated,rolling_one_step,random_forest,Random forest,5730269.558839638,-904364.9288396379,904364.9288396379,817875924515.1233,overprediction,True,False
Dota 2,2025Q3,2025-07-01,test,source,5881466.0,True,evaluated,rolling_one_step,random_forest,Random forest,8018411.607289121,-2136945.6072891206,2136945.6072891206,4566536528512.269,overprediction,True,False
League of Legends,2025Q3,2025-07-01,test,source,2000000.0,True,evaluated,rolling_one_step,random_forest,Random forest,3182633.3718921784,-1182633.3718921784,1182633.3718921784,1398621692313.0637,overprediction,True,False
Valorant,2025Q3,2025-07-01,test,source,1250000.0,True,evaluated,rolling_one_step,random_forest,Random forest,2264441.7424989427,-1014441.7424989427,1014441.7424989427,1029092048924.291,overprediction,True,False
Counter-Strike,2025Q4,2025-10-01,test,source,656021.05,True,evaluated,rolling_one_step,random_forest,Random forest,6243672.128936872,-5587651.078936872,5587651.078936872,31221844579944.39,overprediction,True,False
Dota 2,2025Q4,2025-10-01,test,source,1000000.0,True,evaluated,rolling_one_step,random_forest,Random forest,6539534.777660279,-5539534.777660279,5539534.777660279,30686445552907.71,overprediction,True,False
League of Legends,2025Q4,2025-10-01,test,source,,False,target_missing_prediction_only,rolling_one_step,random_forest,Random forest,2247290.337253943,,,,not_evaluated_or_exact,True,False
Valorant,2025Q4,2025-10-01,test,source,,False,target_missing_prediction_only,rolling_one_step,random_forest,Random forest,2455997.157877494,,,,not_evaluated_or_exact,True,False
Counter-Strike,2024Q1,2024-01-01,validation,source,3740346.01,True,evaluated,rolling_one_step,seasonal_naive,Seasonal naive (t-4),4050195.09,-309849.0800000001,309849.0800000001,96006452376.84645,overprediction,False,True
Dota 2,2024Q1,2024-01-01,validation,source,4663736.6,True,evaluated,rolling_one_step,seasonal_naive,Seasonal naive (t-4),3889830.32,773906.2799999998,773906.2799999998,598930930223.4381,underprediction,False,True
League of Legends,2024Q1,2024-01-01,validation,source,1852987.38,True,evaluated,rolling_one_step,seasonal_naive,Seasonal naive (t-4),2134893.19,-281905.81000000006,281905.81000000006,79470885711.75613,overprediction,False,True
Valorant,2024Q1,2024-01-01,validation,source,1380403.75,True,evaluated,rolling_one_step,seasonal_naive,Seasonal naive (t-4),2065247.2,-684843.45,684843.45,469010551007.90247,overprediction,False,True
Counter-Strike,2024Q2,2024-04-01,validation,source,5821253.28,True,evaluated,rolling_one_step,seasonal_naive,Seasonal naive (t-4),5597606.89,223646.3900000006,223646.3900000006,50017707760.032364,underprediction,False,True
Dota 2,2024Q2,2024-04-01,validation,source,3795205.76,True,evaluated,rolling_one_step,seasonal_naive,Seasonal naive (t-4),5446416.48,-1651210.7200000007,1651210.7200000007,2726496841842.9204,overprediction,False,True
League of Legends,2024Q2,2024-04-01,validation,source,2314419.65,True,evaluated,rolling_one_step,seasonal_naive,Seasonal naive (t-4),2655601.88,-341182.23,341182.23,116405314067.77289,overprediction,False,True
Valorant,2024Q2,2024-04-01,validation,source,2611976.19,True,evaluated,rolling_one_step,seasonal_naive,Seasonal naive (t-4),2599106.13,12870.060000000056,12870.060000000056,165638444.40360144,underprediction,False,True
Counter-Strike,2024Q3,2024-07-01,validation,source,6991614.41,True,evaluated,rolling_one_step,seasonal_naive,Seasonal naive (t-4),5713701.16,1277913.25,1277913.25,1633062274525.5625,underprediction,False,True
Dota 2,2024Q3,2024-07-01,validation,source,9504705.2,True,evaluated,rolling_one_step,seasonal_naive,Seasonal naive (t-4),16788532.07,-7283826.870000001,7283826.870000001,53054133872134.016,overprediction,False,True
League of Legends,2024Q3,2024-07-01,validation,source,3946441.75,True,evaluated,rolling_one_step,seasonal_naive,Seasonal naive (t-4),466577.1,3479864.65,3479864.65,12109457982319.621,underprediction,False,True
Valorant,2024Q3,2024-07-01,validation,source,2386340.52,True,evaluated,rolling_one_step,seasonal_naive,Seasonal naive (t-4),2774496.83,-388156.31000000006,388156.31000000006,150665320992.81613,overprediction,False,True
Counter-Strike,2024Q4,2024-10-01,validation,source,5460014.35,True,evaluated,rolling_one_step,seasonal_naive,Seasonal naive (t-4),5756015.33,-296000.98000000045,296000.98000000045,87616580160.96066,overprediction,False,True
Dota 2,2024Q4,2024-10-01,validation,source,5849012.0,True,evaluated,rolling_one_step,seasonal_naive,Seasonal naive (t-4),4709096.64,1139915.3600000003,1139915.3600000003,1299407027963.9304,underprediction,False,True
League of Legends,2024Q4,2024-10-01,validation,source,516049.87,True,evaluated,rolling_one_step,seasonal_naive,Seasonal naive (t-4),2539820.16,-2023770.29,2023770.29,4095646186686.684,overprediction,False,True
Valorant,2024Q4,2024-10-01,validation,source,780969.3,True,evaluated,rolling_one_step,seasonal_naive,Seasonal naive (t-4),1462425.11,-681455.81,681455.81,464382020982.75616,overprediction,False,True
Counter-Strike,2025Q1,2025-01-01,test,source,5296677.41,True,evaluated,rolling_one_step,seasonal_naive,Seasonal naive (t-4),3740346.01,1556331.4000000004,1556331.4000000004,2422167426625.961,underprediction,False,True
Dota 2,2025Q1,2025-01-01,test,source,4292000.0,True,evaluated,rolling_one_step,seasonal_naive,Seasonal naive (t-4),4663736.6,-371736.5999999996,371736.5999999996,138188099779.55972,overprediction,False,True
League of Legends,2025Q1,2025-01-01,test,source,1268038.9,True,evaluated,rolling_one_step,seasonal_naive,Seasonal naive (t-4),1852987.38,-584948.48,584948.48,342164724254.31036,overprediction,False,True
Valorant,2025Q1,2025-01-01,test,source,529420.68,True,evaluated,rolling_one_step,seasonal_naive,Seasonal naive (t-4),1380403.75,-850983.07,850983.07,724172185426.6248,overprediction,False,True
Counter-Strike,2025Q2,2025-04-01,test,source,6116858.42,True,evaluated,rolling_one_step,seasonal_naive,Seasonal naive (t-4),5821253.28,295605.13999999966,295605.13999999966,87382398794.4194,underprediction,False,True
Dota 2,2025Q2,2025-04-01,test,source,5300000.0,True,evaluated,rolling_one_step,seasonal_naive,Seasonal naive (t-4),3795205.76,1504794.2400000002,1504794.2400000002,2264405704737.178,underprediction,False,True
League of Legends,2025Q2,2025-04-01,test,source,2011163.2,True,evaluated,rolling_one_step,seasonal_naive,Seasonal naive (t-4),2314419.65,-303256.44999999995,303256.44999999995,91964474466.60248,overprediction,False,True
Valorant,2025Q2,2025-04-01,test,source,,False,target_missing_prediction_only,rolling_one_step,seasonal_naive,Seasonal naive (t-4),2611976.19,,,,not_evaluated_or_exact,False,True
Counter-Strike,2025Q3,2025-07-01,test,source,4825904.63,True,evaluated,rolling_one_step,seasonal_naive,Seasonal naive (t-4),6991614.41,-2165709.7800000003,2165709.7800000003,4690298851187.649,overprediction,False,True
Dota 2,2025Q3,2025-07-01,test,source,5881466.0,True,evaluated,rolling_one_step,seasonal_naive,Seasonal naive (t-4),9504705.2,-3623239.1999999993,3623239.1999999993,13127862300416.635,overprediction,False,True
League of Legends,2025Q3,2025-07-01,test,source,2000000.0,True,evaluated,rolling_one_step,seasonal_naive,Seasonal naive (t-4),3946441.75,-1946441.75,1946441.75,3788635486143.0625,overprediction,False,True
Valorant,2025Q3,2025-07-01,test,source,1250000.0,True,evaluated,rolling_one_step,seasonal_naive,Seasonal naive (t-4),2386340.52,-1136340.52,1136340.52,1291269777393.8704,overprediction,False,True
Counter-Strike,2025Q4,2025-10-01,test,source,656021.05,True,evaluated,rolling_one_step,seasonal_naive,Seasonal naive (t-4),5460014.35,-4803993.3,4803993.3,23078351626444.887,overprediction,False,True
Dota 2,2025Q4,2025-10-01,test,source,1000000.0,True,evaluated,rolling_one_step,seasonal_naive,Seasonal naive (t-4),5849012.0,-4849012.0,4849012.0,23512917376144.0,overprediction,False,True
League of Legends,2025Q4,2025-10-01,test,source,,False,target_missing_prediction_only,rolling_one_step,seasonal_naive,Seasonal naive (t-4),516049.87,,,,not_evaluated_or_exact,False,True
Valorant,2025Q4,2025-10-01,test,source,,False,target_missing_prediction_only,rolling_one_step,seasonal_naive,Seasonal naive (t-4),780969.3,,,,not_evaluated_or_exact,False,True
Counter-Strike,2024Q1,2024-01-01,validation,strict_quality,3640116.01,True,evaluated,rolling_one_step,linear_regression,Linear regression,5729029.177657865,-2088913.1676578652,2088913.1676578652,4363558222014.4165,overprediction,False,False
Dota 2,2024Q1,2024-01-01,validation,strict_quality,4548898.0,True,evaluated,rolling_one_step,linear_regression,Linear regression,8653103.550747793,-4104205.550747793,4104205.550747793,16844503202788.996,overprediction,False,False
League of Legends,2024Q1,2024-01-01,validation,strict_quality,1506963.22,True,evaluated,rolling_one_step,linear_regression,Linear regression,3393166.850335344,-1886203.6303353442,1886203.6303353442,3557764135090.232,overprediction,False,False
Valorant,2024Q1,2024-01-01,validation,strict_quality,1166386.39,True,evaluated,rolling_one_step,linear_regression,Linear regression,2115808.684336733,-949422.2943367332,949422.2943367332,901402692983.6265,overprediction,False,False
Counter-Strike,2024Q2,2024-04-01,validation,strict_quality,5471253.28,True,evaluated,rolling_one_step,linear_regression,Linear regression,6301385.628023952,-830132.348023952,830132.348023952,689119715235.7598,overprediction,False,False
Dota 2,2024Q2,2024-04-01,validation,strict_quality,3795205.76,True,evaluated,rolling_one_step,linear_regression,Linear regression,10119521.962984769,-6324316.202984769,6324316.202984769,39996975435335.69,overprediction,False,False
League of Legends,2024Q2,2024-04-01,validation,strict_quality,1885490.15,True,evaluated,rolling_one_step,linear_regression,Linear regression,3305535.215923229,-1420045.0659232293,1420045.0659232293,2016527989252.9087,overprediction,False,False
Valorant,2024Q2,2024-04-01,validation,strict_quality,2511826.44,True,evaluated,rolling_one_step,linear_regression,Linear regression,1852562.5957483796,659263.8442516204,659263.8442516204,434628816337.42474,underprediction,False,False
Counter-Strike,2024Q3,2024-07-01,validation,strict_quality,5123955.96,True,evaluated,rolling_one_step,linear_regression,Linear regression,7583860.931036293,-2459904.9710362926,2459904.9710362926,6051132466529.063,overprediction,False,False
Dota 2,2024Q3,2024-07-01,validation,strict_quality,4454705.2,True,evaluated,rolling_one_step,linear_regression,Linear regression,10078022.1739205,-5623316.973920499,5623316.973920499,31621693789182.4,overprediction,False,False
League of Legends,2024Q3,2024-07-01,validation,strict_quality,2896441.75,True,evaluated,rolling_one_step,linear_regression,Linear regression,3977744.470016365,-1081302.720016365,1081302.720016365,1169215572314.7893,overprediction,False,False
Valorant,2024Q3,2024-07-01,validation,strict_quality,2386340.52,True,evaluated,rolling_one_step,linear_regression,Linear regression,3310275.8533622622,-923935.3333622622,923935.3333622622,853656500235.2346,overprediction,False,False
Counter-Strike,2024Q4,2024-10-01,validation,strict_quality,5449354.35,True,evaluated,rolling_one_step,linear_regression,Linear regression,7781953.6451141,-2332599.2951141,2332599.2951141,5441019471566.796,overprediction,False,False
Dota 2,2024Q4,2024-10-01,validation,strict_quality,5849012.0,True,evaluated,rolling_one_step,linear_regression,Linear regression,8408109.161181519,-2559097.161181519,2559097.161181519,6548978280367.309,overprediction,False,False
League of Legends,2024Q4,2024-10-01,validation,strict_quality,516049.87,True,evaluated,rolling_one_step,linear_regression,Linear regression,3975419.971834331,-3459370.1018343307,3459370.1018343307,11967241501465.268,overprediction,False,False
Valorant,2024Q4,2024-10-01,validation,strict_quality,662969.3,True,evaluated,rolling_one_step,linear_regression,Linear regression,3580299.822743037,-2917330.522743037,2917330.522743037,8510817378928.161,overprediction,False,False
Counter-Strike,2025Q1,2025-01-01,test,strict_quality,4096121.9,True,evaluated,rolling_one_step,linear_regression,Linear regression,5001193.411657205,-905071.511657205,905071.511657205,819154441213.458,overprediction,False,False
Dota 2,2025Q1,2025-01-01,test,strict_quality,3170000.0,True,evaluated,rolling_one_step,linear_regression,Linear regression,5533070.968195066,-2363070.968195066,2363070.968195066,5584104400726.366,overprediction,False,False
League of Legends,2025Q1,2025-01-01,test,strict_quality,1268038.9,True,evaluated,rolling_one_step,linear_regression,Linear regression,1994273.1777382956,-726234.2777382957,726234.2777382957,527416226162.0641,overprediction,False,False
Valorant,2025Q1,2025-01-01,test,strict_quality,529420.68,True,evaluated,rolling_one_step,linear_regression,Linear regression,1962448.7372373457,-1433028.0572373457,1433028.0572373457,2053569412829.4414,overprediction,False,False
Counter-Strike,2025Q2,2025-04-01,test,strict_quality,5370780.12,True,evaluated,rolling_one_step,linear_regression,Linear regression,4690154.784021305,680625.3359786952,680625.3359786952,463250847976.1117,underprediction,False,False
Dota 2,2025Q2,2025-04-01,test,strict_quality,5300000.0,True,evaluated,rolling_one_step,linear_regression,Linear regression,5638853.829786563,-338853.8297865633,338853.8297865633,114821917961.02121,overprediction,False,False
League of Legends,2025Q2,2025-04-01,test,strict_quality,2011163.2,True,evaluated,rolling_one_step,linear_regression,Linear regression,1701996.9539319775,309166.24606802245,309166.24606802245,95583767707.793,underprediction,False,False
Valorant,2025Q2,2025-04-01,test,strict_quality,,False,target_missing_prediction_only,rolling_one_step,linear_regression,Linear regression,1958177.6507456412,,,,not_evaluated_or_exact,False,False
Counter-Strike,2025Q3,2025-07-01,test,strict_quality,4345315.98,True,evaluated,rolling_one_step,linear_regression,Linear regression,5716530.806170855,-1371214.8261708543,1371214.8261708543,1880230099510.766,overprediction,False,False
Dota 2,2025Q3,2025-07-01,test,strict_quality,5881466.0,True,evaluated,rolling_one_step,linear_regression,Linear regression,7849913.044911586,-1968447.0449115857,1968447.0449115857,3874783768621.1543,overprediction,False,False
League of Legends,2025Q3,2025-07-01,test,strict_quality,2000000.0,True,evaluated,rolling_one_step,linear_regression,Linear regression,3316564.2391597023,-1316564.2391597023,1316564.2391597023,1733341395834.1658,overprediction,False,False
Valorant,2025Q3,2025-07-01,test,strict_quality,1250000.0,True,evaluated,rolling_one_step,linear_regression,Linear regression,1748274.1852646149,-498274.1852646149,498274.1852646149,248277163701.11575,overprediction,False,False
Counter-Strike,2025Q4,2025-10-01,test,strict_quality,656021.05,True,evaluated,rolling_one_step,linear_regression,Linear regression,5817149.82236138,-5161128.77236138,5161128.77236138,26637250204896.484,overprediction,False,False
Dota 2,2025Q4,2025-10-01,test,strict_quality,1000000.0,True,evaluated,rolling_one_step,linear_regression,Linear regression,9769866.604104144,-8769866.604104144,8769866.604104144,76910560253781.16,overprediction,False,False
League of Legends,2025Q4,2025-10-01,test,strict_quality,,False,target_missing_prediction_only,rolling_one_step,linear_regression,Linear regression,3617807.988545364,,,,not_evaluated_or_exact,False,False
Valorant,2025Q4,2025-10-01,test,strict_quality,,False,target_missing_prediction_only,rolling_one_step,linear_regression,Linear regression,2282652.296390154,,,,not_evaluated_or_exact,False,False
Counter-Strike,2024Q1,2024-01-01,validation,strict_quality,3640116.01,True,evaluated,rolling_one_step,random_forest,Random forest,5145912.895759981,-1505796.8857599813,1505796.8857599813,2267424261164.4585,overprediction,True,False
Dota 2,2024Q1,2024-01-01,validation,strict_quality,4548898.0,True,evaluated,rolling_one_step,random_forest,Random forest,4186709.249519996,362188.7504800041,362188.7504800041,131180690974.26668,underprediction,True,False
League of Legends,2024Q1,2024-01-01,validation,strict_quality,1506963.22,True,evaluated,rolling_one_step,random_forest,Random forest,1760216.8715199968,-253253.6515199968,253253.6515199968,64137412008.21198,overprediction,True,False
Valorant,2024Q1,2024-01-01,validation,strict_quality,1166386.39,True,evaluated,rolling_one_step,random_forest,Random forest,3202373.2293200004,-2035986.8393200005,2035986.8393200005,4145242409884.2456,overprediction,True,False
Counter-Strike,2024Q2,2024-04-01,validation,strict_quality,5471253.28,True,evaluated,rolling_one_step,random_forest,Random forest,4576786.299499998,894466.9805000024,894466.9805000024,800071179204.7916,underprediction,True,False
Dota 2,2024Q2,2024-04-01,validation,strict_quality,3795205.76,True,evaluated,rolling_one_step,random_forest,Random forest,5505355.459340002,-1710149.6993400026,1710149.6993400026,2924611994152.701,overprediction,True,False
League of Legends,2024Q2,2024-04-01,validation,strict_quality,1885490.15,True,evaluated,rolling_one_step,random_forest,Random forest,2184808.2674399973,-299318.1174399974,299318.1174399974,89591335427.82407,overprediction,True,False
Valorant,2024Q2,2024-04-01,validation,strict_quality,2511826.44,True,evaluated,rolling_one_step,random_forest,Random forest,2958652.809060001,-446826.36906000087,446826.36906000087,199653804087.34412,overprediction,True,False
Counter-Strike,2024Q3,2024-07-01,validation,strict_quality,5123955.96,True,evaluated,rolling_one_step,random_forest,Random forest,4862613.987739992,261341.97226000763,261341.97226000763,68299626464.7506,underprediction,True,False
Dota 2,2024Q3,2024-07-01,validation,strict_quality,4454705.2,True,evaluated,rolling_one_step,random_forest,Random forest,6307232.741500006,-1852527.5415000059,1852527.5415000059,3431858292016.056,overprediction,True,False
League of Legends,2024Q3,2024-07-01,validation,strict_quality,2896441.75,True,evaluated,rolling_one_step,random_forest,Random forest,2684821.511259999,211620.23874000087,211620.23874000087,44783125444.37497,underprediction,True,False
Valorant,2024Q3,2024-07-01,validation,strict_quality,2386340.52,True,evaluated,rolling_one_step,random_forest,Random forest,2473189.1085599954,-86848.5885599954,86848.5885599954,7542677334.863365,overprediction,True,False
Counter-Strike,2024Q4,2024-10-01,validation,strict_quality,5449354.35,True,evaluated,rolling_one_step,random_forest,Random forest,5466542.003019973,-17187.653019973077,17187.653019973077,295415416.3349896,overprediction,True,False
Dota 2,2024Q4,2024-10-01,validation,strict_quality,5849012.0,True,evaluated,rolling_one_step,random_forest,Random forest,6739559.239499982,-890547.2394999824,890547.2394999824,793074385781.0391,overprediction,True,False
League of Legends,2024Q4,2024-10-01,validation,strict_quality,516049.87,True,evaluated,rolling_one_step,random_forest,Random forest,1984311.3425000107,-1468261.4725000109,1468261.4725000109,2155791751627.9001,overprediction,True,False
Valorant,2024Q4,2024-10-01,validation,strict_quality,662969.3,True,evaluated,rolling_one_step,random_forest,Random forest,3367794.7972399867,-2704825.4972399864,2704825.4972399864,7316080970519.54,overprediction,True,False
Counter-Strike,2025Q1,2025-01-01,test,strict_quality,4096121.9,True,evaluated,rolling_one_step,random_forest,Random forest,4722152.920379991,-626031.0203799908,626031.0203799908,391914838478.01245,overprediction,True,False
Dota 2,2025Q1,2025-01-01,test,strict_quality,3170000.0,True,evaluated,rolling_one_step,random_forest,Random forest,5360589.353600007,-2190589.3536000066,2190589.3536000066,4798681716105.694,overprediction,True,False
League of Legends,2025Q1,2025-01-01,test,strict_quality,1268038.9,True,evaluated,rolling_one_step,random_forest,Random forest,2059069.386919996,-791030.4869199961,791030.4869199961,625729231236.8861,overprediction,True,False
Valorant,2025Q1,2025-01-01,test,strict_quality,529420.68,True,evaluated,rolling_one_step,random_forest,Random forest,1804299.6897999973,-1274879.0097999973,1274879.0097999973,1625316489628.6216,overprediction,True,False
Counter-Strike,2025Q2,2025-04-01,test,strict_quality,5370780.12,True,evaluated,rolling_one_step,random_forest,Random forest,5237771.4510799935,133008.6689200066,133008.6689200066,17691306007.87193,underprediction,True,False
Dota 2,2025Q2,2025-04-01,test,strict_quality,5300000.0,True,evaluated,rolling_one_step,random_forest,Random forest,4782852.717780002,517147.2822199976,517147.2822199976,267441311507.52985,underprediction,True,False
League of Legends,2025Q2,2025-04-01,test,strict_quality,2011163.2,True,evaluated,rolling_one_step,random_forest,Random forest,2006532.5101199984,4630.6898800015915,4630.6898800015915,21443288.764749154,underprediction,True,False
Valorant,2025Q2,2025-04-01,test,strict_quality,,False,target_missing_prediction_only,rolling_one_step,random_forest,Random forest,2485619.7357200114,,,,not_evaluated_or_exact,True,False
Counter-Strike,2025Q3,2025-07-01,test,strict_quality,4345315.98,True,evaluated,rolling_one_step,random_forest,Random forest,5331734.919740003,-986418.9397400022,986418.9397400022,973022324677.79,overprediction,True,False
Dota 2,2025Q3,2025-07-01,test,strict_quality,5881466.0,True,evaluated,rolling_one_step,random_forest,Random forest,5135530.710420008,745935.2895799922,745935.2895799922,556419456240.7867,underprediction,True,False
League of Legends,2025Q3,2025-07-01,test,strict_quality,2000000.0,True,evaluated,rolling_one_step,random_forest,Random forest,1710827.9131600035,289172.0868399965,289172.0868399965,83620495807.39848,underprediction,True,False
Valorant,2025Q3,2025-07-01,test,strict_quality,1250000.0,True,evaluated,rolling_one_step,random_forest,Random forest,2238904.350159999,-988904.350159999,988904.350159999,977931813765.3699,overprediction,True,False
Counter-Strike,2025Q4,2025-10-01,test,strict_quality,656021.05,True,evaluated,rolling_one_step,random_forest,Random forest,5699319.085559974,-5043298.035559975,5043298.035559975,25434855075483.098,overprediction,True,False
Dota 2,2025Q4,2025-10-01,test,strict_quality,1000000.0,True,evaluated,rolling_one_step,random_forest,Random forest,5477437.325999997,-4477437.325999997,4477437.325999997,20047445008258.0,overprediction,True,False
League of Legends,2025Q4,2025-10-01,test,strict_quality,,False,target_missing_prediction_only,rolling_one_step,random_forest,Random forest,2073066.80918,,,,not_evaluated_or_exact,True,False
Valorant,2025Q4,2025-10-01,test,strict_quality,,False,target_missing_prediction_only,rolling_one_step,random_forest,Random forest,2191553.391079998,,,,not_evaluated_or_exact,True,False
Counter-Strike,2024Q1,2024-01-01,validation,strict_quality,3640116.01,True,evaluated,rolling_one_step,seasonal_naive,Seasonal naive (t-4),3958004.81,-317888.8000000003,317888.8000000003,101053289165.44017,overprediction,False,True
Dota 2,2024Q1,2024-01-01,validation,strict_quality,4548898.0,True,evaluated,rolling_one_step,seasonal_naive,Seasonal naive (t-4),3369930.32,1178967.6800000002,1178967.6800000002,1389964790484.5828,underprediction,False,True
League of Legends,2024Q1,2024-01-01,validation,strict_quality,1506963.22,True,evaluated,rolling_one_step,seasonal_naive,Seasonal naive (t-4),1765395.39,-258432.16999999993,258432.16999999993,66787186490.90886,overprediction,False,True
Valorant,2024Q1,2024-01-01,validation,strict_quality,1166386.39,True,evaluated,rolling_one_step,seasonal_naive,Seasonal naive (t-4),1960880.2,-794493.81,794493.81,631220414128.3162,overprediction,False,True
Counter-Strike,2024Q2,2024-04-01,validation,strict_quality,5471253.28,True,evaluated,rolling_one_step,seasonal_naive,Seasonal naive (t-4),5390401.7,80851.58000000007,80851.58000000007,6536977988.496412,underprediction,False,True
Dota 2,2024Q2,2024-04-01,validation,strict_quality,3795205.76,True,evaluated,rolling_one_step,seasonal_naive,Seasonal naive (t-4),5156416.48,-1361210.7200000007,1361210.7200000007,1852894624242.9202,overprediction,False,True
League of Legends,2024Q2,2024-04-01,validation,strict_quality,1885490.15,True,evaluated,rolling_one_step,seasonal_naive,Seasonal naive (t-4),2066416.81,-180926.66000000015,180926.66000000015,32734456298.755653,overprediction,False,True
Valorant,2024Q2,2024-04-01,validation,strict_quality,2511826.44,True,evaluated,rolling_one_step,seasonal_naive,Seasonal naive (t-4),2437686.13,74140.31000000006,74140.31000000006,5496785566.896109,underprediction,False,True
Counter-Strike,2024Q3,2024-07-01,validation,strict_quality,5123955.96,True,evaluated,rolling_one_step,seasonal_naive,Seasonal naive (t-4),5599701.16,-475745.2000000002,475745.2000000002,226333495323.0402,overprediction,False,True
Dota 2,2024Q3,2024-07-01,validation,strict_quality,4454705.2,True,evaluated,rolling_one_step,seasonal_naive,Seasonal naive (t-4),1667532.07,2787173.13,2787173.13,7768334056593.996,underprediction,False,True
League of Legends,2024Q3,2024-07-01,validation,strict_quality,2896441.75,True,evaluated,rolling_one_step,seasonal_naive,Seasonal naive (t-4),304536.6,2591905.15,2591905.15,6717972306596.522,underprediction,False,True
Valorant,2024Q3,2024-07-01,validation,strict_quality,2386340.52,True,evaluated,rolling_one_step,seasonal_naive,Seasonal naive (t-4),2733126.8,-346786.2799999998,346786.2799999998,120260723996.23825,overprediction,False,True
Counter-Strike,2024Q4,2024-10-01,validation,strict_quality,5449354.35,True,evaluated,rolling_one_step,seasonal_naive,Seasonal naive (t-4),5689288.83,-239934.48000000045,239934.48000000045,57568554692.87061,overprediction,False,True
Dota 2,2024Q4,2024-10-01,validation,strict_quality,5849012.0,True,evaluated,rolling_one_step,seasonal_naive,Seasonal naive (t-4),4709096.64,1139915.3600000003,1139915.3600000003,1299407027963.9304,underprediction,False,True
League of Legends,2024Q4,2024-10-01,validation,strict_quality,516049.87,True,evaluated,rolling_one_step,seasonal_naive,Seasonal naive (t-4),2532120.16,-2016070.29,2016070.29,4064539414220.684,overprediction,False,True
Valorant,2024Q4,2024-10-01,validation,strict_quality,662969.3,True,evaluated,rolling_one_step,seasonal_naive,Seasonal naive (t-4),1331660.84,-668691.54,668691.54,447148375667.57166,overprediction,False,True
Counter-Strike,2025Q1,2025-01-01,test,strict_quality,4096121.9,True,evaluated,rolling_one_step,seasonal_naive,Seasonal naive (t-4),3640116.01,456005.89000000013,456005.89000000013,207941371714.69223,underprediction,False,True
Dota 2,2025Q1,2025-01-01,test,strict_quality,3170000.0,True,evaluated,rolling_one_step,seasonal_naive,Seasonal naive (t-4),4548898.0,-1378898.0,1378898.0,1901359694404.0,overprediction,False,True
League of Legends,2025Q1,2025-01-01,test,strict_quality,1268038.9,True,evaluated,rolling_one_step,seasonal_naive,Seasonal naive (t-4),1506963.22,-238924.32000000007,238924.32000000007,57084830687.46243,overprediction,False,True
Valorant,2025Q1,2025-01-01,test,strict_quality,529420.68,True,evaluated,rolling_one_step,seasonal_naive,Seasonal naive (t-4),1166386.39,-636965.7099999998,636965.7099999998,405725315715.8039,overprediction,False,True
Counter-Strike,2025Q2,2025-04-01,test,strict_quality,5370780.12,True,evaluated,rolling_one_step,seasonal_naive,Seasonal naive (t-4),5471253.28,-100473.16000000015,100473.16000000015,10094855880.38563,overprediction,False,True
Dota 2,2025Q2,2025-04-01,test,strict_quality,5300000.0,True,evaluated,rolling_one_step,seasonal_naive,Seasonal naive (t-4),3795205.76,1504794.2400000002,1504794.2400000002,2264405704737.178,underprediction,False,True
League of Legends,2025Q2,2025-04-01,test,strict_quality,2011163.2,True,evaluated,rolling_one_step,seasonal_naive,Seasonal naive (t-4),1885490.15,125673.05000000005,125673.05000000005,15793715496.302511,underprediction,False,True
Valorant,2025Q2,2025-04-01,test,strict_quality,,False,target_missing_prediction_only,rolling_one_step,seasonal_naive,Seasonal naive (t-4),2511826.44,,,,not_evaluated_or_exact,False,True
Counter-Strike,2025Q3,2025-07-01,test,strict_quality,4345315.98,True,evaluated,rolling_one_step,seasonal_naive,Seasonal naive (t-4),5123955.96,-778639.9799999995,778639.9799999995,606280218454.3997,overprediction,False,True
Dota 2,2025Q3,2025-07-01,test,strict_quality,5881466.0,True,evaluated,rolling_one_step,seasonal_naive,Seasonal naive (t-4),4454705.2,1426760.7999999998,1426760.7999999998,2035646380416.6394,underprediction,False,True
League of Legends,2025Q3,2025-07-01,test,strict_quality,2000000.0,True,evaluated,rolling_one_step,seasonal_naive,Seasonal naive (t-4),2896441.75,-896441.75,896441.75,803607811143.0625,overprediction,False,True
Valorant,2025Q3,2025-07-01,test,strict_quality,1250000.0,True,evaluated,rolling_one_step,seasonal_naive,Seasonal naive (t-4),2386340.52,-1136340.52,1136340.52,1291269777393.8704,overprediction,False,True
Counter-Strike,2025Q4,2025-10-01,test,strict_quality,656021.05,True,evaluated,rolling_one_step,seasonal_naive,Seasonal naive (t-4),5449354.35,-4793333.3,4793333.3,22976044124888.887,overprediction,False,True
Dota 2,2025Q4,2025-10-01,test,strict_quality,1000000.0,True,evaluated,rolling_one_step,seasonal_naive,Seasonal naive (t-4),5849012.0,-4849012.0,4849012.0,23512917376144.0,overprediction,False,True
League of Legends,2025Q4,2025-10-01,test,strict_quality,,False,target_missing_prediction_only,rolling_one_step,seasonal_naive,Seasonal naive (t-4),516049.87,,,,not_evaluated_or_exact,False,True
Valorant,2025Q4,2025-10-01,test,strict_quality,,False,target_missing_prediction_only,rolling_one_step,seasonal_naive,Seasonal naive (t-4),662969.3,,,,not_evaluated_or_exact,False,True
