target_policy,split,game_family,model,model_label,total_periods,evaluated_periods,coverage_pct,actual_prize_pool_usd,predicted_prize_pool_usd_evaluated,predicted_prize_pool_usd_all_periods,mean_residual_usd,mae_usd,rmse_usd,is_primary_model,is_baseline_model
source,test,Counter-Strike,linear_regression,Linear regression,4,4,100.0,16895461.51,24597318.429781467,24597318.429781467,-1925464.229945366,2754327.6107336264,3493580.3328388524,False,False
source,test,Counter-Strike,random_forest,Random forest,4,4,100.0,16895461.51,22142701.59721137,22142701.59721137,-1311810.0218028422,1934197.9820854128,2872341.361587525,True,False
source,test,Counter-Strike,seasonal_naive,Seasonal naive (t-4),4,4,100.0,16895461.51,22013228.049999997,22013228.049999997,-1279441.635,2205409.9050000003,2751281.5333519084,False,True
source,test,Dota 2,linear_regression,Linear regression,4,4,100.0,16473466.0,38667768.63229382,38667768.63229382,-5548575.658073455,5548575.658073455,6117416.049716488,False,False
source,test,Dota 2,random_forest,Random forest,4,4,100.0,16473466.0,25085208.70261854,25085208.70261854,-2152935.675654635,2204933.9804681623,3014293.3041676097,True,False
source,test,Dota 2,seasonal_naive,Seasonal naive (t-4),4,4,100.0,16473466.0,23812659.56,23812659.56,-1834798.3899999997,2587195.51,3124234.8455692865,False,True
source,test,League of Legends,linear_regression,Linear regression,4,3,75.0,5279202.1,7866457.846214332,9693400.4718248,-862418.5820714437,992965.8873284027,1427508.0735559547,False,False
source,test,League of Legends,random_forest,Random forest,4,3,75.0,5279202.1,9525186.097929092,11772476.435183035,-1415327.9993096974,1415327.9993096974,1664335.9647325648,True,False
source,test,League of Legends,seasonal_naive,Seasonal naive (t-4),4,3,75.0,5279202.1,8113848.779999999,8629898.649999999,-944882.2266666666,944882.2266666666,1186418.2349778647,False,True
source,test,Overall,linear_regression,Linear regression,16,13,81.25,40427550.29,74756558.895953,78933768.00453605,-2640692.969688692,2925854.1572982245,3995387.4434062648,False,False
source,test,Overall,random_forest,Random forest,16,13,81.25,40427550.29,61364447.64074185,68912151.96165924,-1610530.5654416806,1818034.0316250955,2511322.611327771,True,False
source,test,Overall,seasonal_naive,Seasonal naive (t-4),16,13,81.25,40427550.29,57706480.660000004,61615476.019999996,-1329148.4899999998,1845568.6099999999,2410869.304306496,False,True
source,test,Valorant,linear_regression,Linear regression,4,2,50.0,1779420.6800000002,3625013.9876633836,5975280.47063596,-922796.6538316917,922796.6538316917,1203266.8300419175,False,False
source,test,Valorant,random_forest,Random forest,4,2,50.0,1779420.6800000002,4611351.242982851,9911765.226646286,-1415965.2814914254,1415965.2814914254,1471794.4254392795,True,False
source,test,Valorant,seasonal_naive,Seasonal naive (t-4),4,2,50.0,1779420.6800000002,3766744.27,7159689.76,-993661.7949999999,993661.7949999999,1003853.0676400046,False,True
source,validation,Counter-Strike,linear_regression,Linear regression,4,4,100.0,22013228.049999997,21545278.07524412,21545278.07524412,116987.49368896987,563231.2493394162,629942.6971872561,False,False
source,validation,Counter-Strike,random_forest,Random forest,4,4,100.0,22013228.049999997,22096991.890765242,22096991.890765242,-20940.96019131085,754480.7188506396,938977.2379580229,True,False
source,validation,Counter-Strike,seasonal_naive,Seasonal naive (t-4),4,4,100.0,22013228.049999997,21117518.47,21117518.47,223927.39500000002,526852.4250000003,683136.7020632478,False,True
source,validation,Dota 2,linear_regression,Linear regression,4,4,100.0,23812659.56,44875204.07053337,44875204.07053337,-5265636.1276333425,5265636.1276333425,5435133.075905988,False,False
source,validation,Dota 2,random_forest,Random forest,4,4,100.0,23812659.56,34598211.23576106,34598211.23576106,-2696387.9189402657,2696387.9189402657,3242810.5160923945,True,False
source,validation,Dota 2,seasonal_naive,Seasonal naive (t-4),4,4,100.0,23812659.56,30833875.51,30833875.51,-1755303.9875000005,2712214.8075,3797333.560281619,False,True
source,validation,League of Legends,linear_regression,Linear regression,4,4,100.0,8629898.649999999,11825995.90372694,11825995.90372694,-799024.313431735,1273345.54408164,2109362.5338326804,False,False
source,validation,League of Legends,random_forest,Random forest,4,4,100.0,8629898.649999999,10397936.016583385,10397936.016583385,-442009.34164584614,1222203.663826724,1608633.9168353316,True,False
source,validation,League of Legends,seasonal_naive,Seasonal naive (t-4),4,4,100.0,8629898.649999999,7796892.33,7796892.33,208251.57999999996,1531680.745,2024906.1934313052,False,True
source,validation,Overall,linear_regression,Linear regression,16,16,100.0,61615476.019999996,87565410.48624927,87565410.48624927,-1621870.90414058,2014933.9131444336,2980558.2932207845,False,False
source,validation,Overall,random_forest,Random forest,16,16,100.0,61615476.019999996,78265181.72194305,78265181.72194305,-1040606.606371441,1419040.1265814928,1976567.7731892795,True,False
source,validation,Overall,seasonal_naive,Seasonal naive (t-4),16,16,100.0,61615476.019999996,68649561.58,68649561.58,-439630.34750000015,1303144.84625,2194180.877730933,False,True
source,validation,Valorant,linear_regression,Linear regression,4,4,100.0,7159689.76,9318932.436744845,9318932.436744845,-539810.6691862112,957522.7315233352,1071448.2271509534,False,False
source,validation,Valorant,random_forest,Random forest,4,4,100.0,7159689.76,11172042.578833364,11172042.578833364,-1003088.2047083413,1003088.2047083413,1281436.4100360295,True,False
source,validation,Valorant,seasonal_naive,Seasonal naive (t-4),4,4,100.0,7159689.76,8901275.27,8901275.27,-435396.3775,441831.40750000003,520630.27462583233,False,True
strict_quality,test,Counter-Strike,linear_regression,Linear regression,4,4,100.0,14468239.05,21225028.824210744,21225028.824210744,-1689197.443552686,2029510.1115420335,2729463.5733783306,False,False
strict_quality,test,Counter-Strike,random_forest,Random forest,4,4,100.0,14468239.05,20990978.37675996,20990978.37675996,-1630684.8316899901,1697189.1661499934,2589279.993774658,True,False
strict_quality,test,Counter-Strike,seasonal_naive,Seasonal naive (t-4),4,4,100.0,14468239.05,19684679.6,19684679.6,-1304110.1374999997,1532113.0825,2439280.6609192374,False,True
strict_quality,test,Dota 2,linear_regression,Linear regression,4,4,100.0,15351466.0,28791704.44699736,28791704.44699736,-3360059.61174934,3360059.61174934,4649845.974360057,False,False
strict_quality,test,Dota 2,random_forest,Random forest,4,4,100.0,15351466.0,20756410.107800014,20756410.107800014,-1351236.0269500033,1982777.3128499982,2533277.8909997228,True,False
strict_quality,test,Dota 2,seasonal_naive,Seasonal naive (t-4),4,4,100.0,15351466.0,18647820.96,18647820.96,-824088.74,2289866.26,2725542.5678065377,False,True
strict_quality,test,League of Legends,linear_regression,Linear regression,4,3,75.0,5279202.1,7012834.370829975,10630642.359375339,-577877.4236099919,783988.2543220068,886254.551413611,False,False
strict_quality,test,League of Legends,random_forest,Random forest,4,3,75.0,5279202.1,5776429.810199998,7849496.619379998,-165742.570066666,361611.0878799981,486268.5027612657,True,False
strict_quality,test,League of Legends,seasonal_naive,Seasonal naive (t-4),4,3,75.0,5279202.1,6288895.12,6804944.99,-336564.34,420346.37333333335,540520.2300644652,False,True
strict_quality,test,Overall,linear_regression,Linear regression,16,13,81.25,36878327.83,60740290.56454004,68598928.5002212,-1835535.5949646183,1987811.2229718056,3050124.1324162167,False,False
strict_quality,test,Overall,random_forest,Random forest,16,13,81.25,36878327.83,51567022.33471997,58317262.27069998,-1129899.5772861515,1389883.2722769198,2071790.2052700114,True,False
strict_quality,test,Overall,seasonal_naive,Seasonal naive (t-4),16,13,81.25,36878327.83,48174122.59,51864968.199999996,-868907.289230769,1409404.8246153845,2077131.364629829,False,True
strict_quality,test,Valorant,linear_regression,Linear regression,4,2,50.0,1779420.6800000002,3710722.922501961,7951552.869637756,-965651.1212509803,965651.1212509803,1072810.928479608,False,False
strict_quality,test,Valorant,random_forest,Random forest,4,2,50.0,1779420.6800000002,4043204.039959996,8720377.166760005,-1131891.6799799982,1131891.6799799982,1140887.440415134,True,False
strict_quality,test,Valorant,seasonal_naive,Seasonal naive (t-4),4,2,50.0,1779420.6800000002,3552726.91,6727522.649999999,-886653.115,886653.115,921139.2655591429,False,True
strict_quality,validation,Counter-Strike,linear_regression,Linear regression,4,4,100.0,19684679.6,27396229.381832212,27396229.381832212,-1927887.4454580524,1927887.4454580524,2033766.8177144863,False,False
strict_quality,validation,Counter-Strike,random_forest,Random forest,4,4,100.0,19684679.6,20051855.186019946,20051855.186019946,-91793.8965049861,669698.3728849911,885450.5184156729,True,False
strict_quality,validation,Counter-Strike,seasonal_naive,Seasonal naive (t-4),4,4,100.0,19684679.6,20637396.5,20637396.5,-238179.2250000002,278605.01500000025,312846.73450822826,False,True
strict_quality,validation,Dota 2,linear_regression,Linear regression,4,4,100.0,18647820.96,37258756.848834574,37258756.848834574,-4652733.972208645,4652733.972208645,4873708.821515561,False,False
strict_quality,validation,Dota 2,random_forest,Random forest,4,4,100.0,18647820.96,22738856.689859986,22738856.689859986,-1022758.9324649967,1203853.3077049986,1349140.9639956143,True,False
strict_quality,validation,Dota 2,seasonal_naive,Seasonal naive (t-4),4,4,100.0,18647820.96,14902975.510000002,14902975.510000002,936211.3624999999,1616816.7225000004,1754323.266909881,False,True
strict_quality,validation,League of Legends,linear_regression,Linear regression,4,4,100.0,6804944.99,14651866.508109272,14651866.508109272,-1961730.3795273174,1961730.3795273174,2162796.1761411545,False,False
strict_quality,validation,League of Legends,random_forest,Random forest,4,4,100.0,6804944.99,8614157.992720004,8614157.992720004,-452303.25068000105,558113.3700500014,767187.0085755348,True,False
strict_quality,validation,League of Legends,seasonal_naive,Seasonal naive (t-4),4,4,100.0,6804944.99,6668468.960000001,6668468.960000001,34119.00749999995,1261833.5675,1649396.356520081,False,True
strict_quality,validation,Overall,linear_regression,Linear regression,16,16,100.0,51864968.199999996,90165799.69496647,90165799.69496647,-2393801.9684354044,2476209.948966857,2968251.1177630764,False,False
strict_quality,validation,Overall,random_forest,Random forest,16,16,100.0,51864968.199999996,63406879.81277992,63406879.81277992,-721369.4757987449,937571.7185462468,1235911.589968835,True,False
strict_quality,validation,Overall,seasonal_naive,Seasonal naive (t-4),16,16,100.0,51864968.199999996,50672194.940000005,50672194.940000005,74548.3287499999,907070.8225000001,1244695.0550089863,False,True
strict_quality,validation,Valorant,linear_regression,Linear regression,4,4,100.0,6727522.649999999,10858946.956190411,10858946.956190411,-1032856.076547603,1362487.9986734132,1635581.3483655015,False,False
strict_quality,validation,Valorant,random_forest,Random forest,4,4,100.0,6727522.649999999,12002009.944179984,12002009.944179984,-1318621.8235449959,1318621.8235449959,1707960.762270755,True,False
strict_quality,validation,Valorant,seasonal_naive,Seasonal naive (t-4),4,4,100.0,6727522.649999999,8463353.97,8463353.97,-433957.82999999996,471027.985,548663.4440526866,False,True
