game_family,quarter,period_start,forecast_origin,horizon_quarters,model,model_label,target_policy,predicted_prize_pool_usd,last_observed_quarter,missing_recent_quarters,feature_missing_count,seasonal_fallback_used,uses_recursive_predictions,protocol,interval_calibration_n,lower_80_usd,upper_80_usd,interval_status,actual_prize_pool_usd,evaluation_available,evaluation_status,is_primary_model,source_release,generated_at_utc,source_coverage_verified,data_warning
Counter-Strike,2026Q1,2026-01-01,2025Q4,1,seasonal_naive,Seasonal naive (t-4),source,5296677.41,2025Q4,0,0,False,False,recursive_multi_step,8,2860102.42,7733252.4,exploratory_80pct_not_guaranteed,,False,future_not_evaluated,False,analysis_release_v1_20261005T194400349609Z,2026-10-08T15:00:13.610744+00:00,False,source_coverage_unverified
Dota 2,2026Q1,2026-01-01,2025Q4,1,seasonal_naive,Seasonal naive (t-4),source,4292000.0,2025Q4,0,0,False,False,recursive_multi_step,8,0.0,26899243.82,exploratory_80pct_not_guaranteed,,False,future_not_evaluated,False,analysis_release_v1_20261005T194400349609Z,2026-10-08T15:00:13.610744+00:00,False,source_coverage_unverified
League of Legends,2026Q1,2026-01-01,2025Q4,1,seasonal_naive,Seasonal naive (t-4),source,1268038.9,2025Q3,1,1,False,False,recursive_multi_step,8,0.0,3631273.8899999997,exploratory_80pct_not_guaranteed,,False,future_not_evaluated,False,analysis_release_v1_20261005T194400349609Z,2026-10-08T15:00:13.610744+00:00,False,source_coverage_unverified;missing_recent_actual
Valorant,2026Q1,2026-01-01,2025Q4,1,seasonal_naive,Seasonal naive (t-4),source,529420.68,2025Q3,2,1,False,False,recursive_multi_step,8,0.0,1289970.5499999998,exploratory_80pct_not_guaranteed,,False,future_not_evaluated,False,analysis_release_v1_20261005T194400349609Z,2026-10-08T15:00:13.610744+00:00,False,source_coverage_unverified;missing_recent_actual
Counter-Strike,2026Q2,2026-04-01,2025Q4,2,seasonal_naive,Seasonal naive (t-4),source,6116858.42,2025Q4,0,0,False,True,recursive_multi_step,8,3680283.4299999997,8553433.41,exploratory_80pct_not_guaranteed,,False,future_not_evaluated,False,analysis_release_v1_20261005T194400349609Z,2026-10-08T15:00:13.610744+00:00,False,source_coverage_unverified
Dota 2,2026Q2,2026-04-01,2025Q4,2,seasonal_naive,Seasonal naive (t-4),source,5300000.0,2025Q4,0,0,False,True,recursive_multi_step,8,0.0,27907243.82,exploratory_80pct_not_guaranteed,,False,future_not_evaluated,False,analysis_release_v1_20261005T194400349609Z,2026-10-08T15:00:13.610744+00:00,False,source_coverage_unverified
League of Legends,2026Q2,2026-04-01,2025Q4,2,seasonal_naive,Seasonal naive (t-4),source,2011163.2,2025Q3,1,1,False,True,recursive_multi_step,8,0.0,4374398.1899999995,exploratory_80pct_not_guaranteed,,False,future_not_evaluated,False,analysis_release_v1_20261005T194400349609Z,2026-10-08T15:00:13.610744+00:00,False,source_coverage_unverified;missing_recent_actual
Valorant,2026Q2,2026-04-01,2025Q4,2,seasonal_naive,Seasonal naive (t-4),source,1567468.3050000002,2025Q3,2,2,True,True,recursive_multi_step,8,806918.4350000003,2328018.175,exploratory_80pct_not_guaranteed,,False,future_not_evaluated,False,analysis_release_v1_20261005T194400349609Z,2026-10-08T15:00:13.610744+00:00,False,source_coverage_unverified;missing_recent_actual;seasonal_fallback
Counter-Strike,2026Q3,2026-07-01,2025Q4,3,seasonal_naive,Seasonal naive (t-4),source,4825904.63,2025Q4,0,0,False,True,recursive_multi_step,8,2389329.6399999997,7262479.62,exploratory_80pct_not_guaranteed,,False,future_not_evaluated,False,analysis_release_v1_20261005T194400349609Z,2026-10-08T15:00:13.610744+00:00,False,source_coverage_unverified
Dota 2,2026Q3,2026-07-01,2025Q4,3,seasonal_naive,Seasonal naive (t-4),source,5881466.0,2025Q4,0,0,False,True,recursive_multi_step,8,0.0,28488709.82,exploratory_80pct_not_guaranteed,,False,future_not_evaluated,False,analysis_release_v1_20261005T194400349609Z,2026-10-08T15:00:13.610744+00:00,False,source_coverage_unverified
League of Legends,2026Q3,2026-07-01,2025Q4,3,seasonal_naive,Seasonal naive (t-4),source,2000000.0,2025Q3,1,0,False,True,recursive_multi_step,8,0.0,5479864.65,exploratory_80pct_not_guaranteed,,False,future_not_evaluated,False,analysis_release_v1_20261005T194400349609Z,2026-10-08T15:00:13.610744+00:00,False,source_coverage_unverified;missing_recent_actual
Valorant,2026Q3,2026-07-01,2025Q4,3,seasonal_naive,Seasonal naive (t-4),source,1250000.0,2025Q3,2,0,False,True,recursive_multi_step,8,489450.1300000001,2010549.8699999999,exploratory_80pct_not_guaranteed,,False,future_not_evaluated,False,analysis_release_v1_20261005T194400349609Z,2026-10-08T15:00:13.610744+00:00,False,source_coverage_unverified;missing_recent_actual
Counter-Strike,2026Q4,2026-10-01,2025Q4,4,seasonal_naive,Seasonal naive (t-4),source,656021.05,2025Q4,0,0,False,True,recursive_multi_step,8,0.0,3092596.04,exploratory_80pct_not_guaranteed,,False,future_not_evaluated,False,analysis_release_v1_20261005T194400349609Z,2026-10-08T15:00:13.610744+00:00,False,source_coverage_unverified
Dota 2,2026Q4,2026-10-01,2025Q4,4,seasonal_naive,Seasonal naive (t-4),source,1000000.0,2025Q4,0,0,False,True,recursive_multi_step,8,0.0,23607243.82,exploratory_80pct_not_guaranteed,,False,future_not_evaluated,False,analysis_release_v1_20261005T194400349609Z,2026-10-08T15:00:13.610744+00:00,False,source_coverage_unverified
League of Legends,2026Q4,2026-10-01,2025Q4,4,seasonal_naive,Seasonal naive (t-4),source,2160560.135,2025Q3,1,1,True,True,recursive_multi_step,8,0.0,5640424.785,exploratory_80pct_not_guaranteed,,False,future_not_evaluated,False,analysis_release_v1_20261005T194400349609Z,2026-10-08T15:00:13.610744+00:00,False,source_coverage_unverified;missing_recent_actual;seasonal_fallback
Valorant,2026Q4,2026-10-01,2025Q4,4,seasonal_naive,Seasonal naive (t-4),source,1521262.4025,2025Q3,2,1,True,True,recursive_multi_step,8,760712.5325000002,2281812.2725,exploratory_80pct_not_guaranteed,,False,future_not_evaluated,False,analysis_release_v1_20261005T194400349609Z,2026-10-08T15:00:13.610744+00:00,False,source_coverage_unverified;missing_recent_actual;seasonal_fallback
Counter-Strike,2026Q1,2026-01-01,2025Q4,1,linear_regression,Linear regression,source,2654744.1425485564,2025Q4,0,0,False,False,recursive_multi_step,8,0.0,5312380.06985541,exploratory_80pct_not_guaranteed,,False,future_not_evaluated,False,analysis_release_v1_20261005T194400349609Z,2026-10-08T15:00:13.610744+00:00,False,source_coverage_unverified
Dota 2,2026Q1,2026-01-01,2025Q4,1,linear_regression,Linear regression,source,5412983.850174375,2025Q4,0,0,False,False,recursive_multi_step,8,0.0,21383703.323427618,exploratory_80pct_not_guaranteed,,False,future_not_evaluated,False,analysis_release_v1_20261005T194400349609Z,2026-10-08T15:00:13.610744+00:00,False,source_coverage_unverified
League of Legends,2026Q1,2026-01-01,2025Q4,1,linear_regression,Linear regression,source,886452.9486403053,2025Q3,1,1,False,False,recursive_multi_step,8,0.0,4842385.016899701,exploratory_80pct_not_guaranteed,,False,future_not_evaluated,False,analysis_release_v1_20261005T194400349609Z,2026-10-08T15:00:13.610744+00:00,False,source_coverage_unverified;missing_recent_actual
Valorant,2026Q1,2026-01-01,2025Q4,1,linear_regression,Linear regression,source,0.0,2025Q3,2,1,False,False,recursive_multi_step,8,0.0,1751507.1872849986,exploratory_80pct_not_guaranteed,,False,future_not_evaluated,False,analysis_release_v1_20261005T194400349609Z,2026-10-08T15:00:13.610744+00:00,False,source_coverage_unverified;missing_recent_actual
Counter-Strike,2026Q2,2026-04-01,2025Q4,2,linear_regression,Linear regression,source,2957866.4959524916,2025Q4,0,0,False,True,recursive_multi_step,8,0.0,6030792.408556252,exploratory_80pct_not_guaranteed,,False,future_not_evaluated,False,analysis_release_v1_20261005T194400349609Z,2026-10-08T15:00:13.610744+00:00,False,source_coverage_unverified
Dota 2,2026Q2,2026-04-01,2025Q4,2,linear_regression,Linear regression,source,5548171.287295706,2025Q4,0,0,False,True,recursive_multi_step,8,0.0,21518890.76054895,exploratory_80pct_not_guaranteed,,False,future_not_evaluated,False,analysis_release_v1_20261005T194400349609Z,2026-10-08T15:00:13.610744+00:00,False,source_coverage_unverified
League of Legends,2026Q2,2026-04-01,2025Q4,2,linear_regression,Linear regression,source,1094209.7302815253,2025Q3,1,1,False,True,recursive_multi_step,8,0.0,5050141.798540922,exploratory_80pct_not_guaranteed,,False,future_not_evaluated,False,analysis_release_v1_20261005T194400349609Z,2026-10-08T15:00:13.610744+00:00,False,source_coverage_unverified;missing_recent_actual
Valorant,2026Q2,2026-04-01,2025Q4,2,linear_regression,Linear regression,source,665925.3811491984,2025Q3,2,2,False,True,recursive_multi_step,8,0.0,2417432.568434197,exploratory_80pct_not_guaranteed,,False,future_not_evaluated,False,analysis_release_v1_20261005T194400349609Z,2026-10-08T15:00:13.610744+00:00,False,source_coverage_unverified;missing_recent_actual
Counter-Strike,2026Q3,2026-07-01,2025Q4,3,linear_regression,Linear regression,source,4045077.4577197703,2025Q4,0,0,False,True,recursive_multi_step,8,972151.5451160101,7118003.37032353,exploratory_80pct_not_guaranteed,,False,future_not_evaluated,False,analysis_release_v1_20261005T194400349609Z,2026-10-08T15:00:13.610744+00:00,False,source_coverage_unverified
Dota 2,2026Q3,2026-07-01,2025Q4,3,linear_regression,Linear regression,source,7296092.860527774,2025Q4,0,0,False,True,recursive_multi_step,8,0.0,23266812.33378102,exploratory_80pct_not_guaranteed,,False,future_not_evaluated,False,analysis_release_v1_20261005T194400349609Z,2026-10-08T15:00:13.610744+00:00,False,source_coverage_unverified
League of Legends,2026Q3,2026-07-01,2025Q4,3,linear_regression,Linear regression,source,2988210.455779928,2025Q3,1,0,False,True,recursive_multi_step,8,0.0,7158022.557411641,exploratory_80pct_not_guaranteed,,False,future_not_evaluated,False,analysis_release_v1_20261005T194400349609Z,2026-10-08T15:00:13.610744+00:00,False,source_coverage_unverified;missing_recent_actual
Valorant,2026Q3,2026-07-01,2025Q4,3,linear_regression,Linear regression,source,1848427.4798718768,2025Q3,2,0,False,True,recursive_multi_step,8,47976.383478752105,3648878.5762650017,exploratory_80pct_not_guaranteed,,False,future_not_evaluated,False,analysis_release_v1_20261005T194400349609Z,2026-10-08T15:00:13.610744+00:00,False,source_coverage_unverified;missing_recent_actual
Counter-Strike,2026Q4,2026-10-01,2025Q4,4,linear_regression,Linear regression,source,985047.7148003397,2025Q4,0,0,False,True,recursive_multi_step,8,0.0,4057973.6274041,exploratory_80pct_not_guaranteed,,False,future_not_evaluated,False,analysis_release_v1_20261005T194400349609Z,2026-10-08T15:00:13.610744+00:00,False,source_coverage_unverified
Dota 2,2026Q4,2026-10-01,2025Q4,4,linear_regression,Linear regression,source,4011173.678727154,2025Q4,0,0,False,True,recursive_multi_step,8,0.0,19981893.151980396,exploratory_80pct_not_guaranteed,,False,future_not_evaluated,False,analysis_release_v1_20261005T194400349609Z,2026-10-08T15:00:13.610744+00:00,False,source_coverage_unverified
League of Legends,2026Q4,2026-10-01,2025Q4,4,linear_regression,Linear regression,source,2091590.5092444106,2025Q3,1,1,False,True,recursive_multi_step,8,0.0,6346513.757533613,exploratory_80pct_not_guaranteed,,False,future_not_evaluated,False,analysis_release_v1_20261005T194400349609Z,2026-10-08T15:00:13.610744+00:00,False,source_coverage_unverified;missing_recent_actual
Valorant,2026Q4,2026-10-01,2025Q4,4,linear_regression,Linear regression,source,1371459.5786835512,2025Q3,2,1,False,True,recursive_multi_step,8,0.0,3249299.705280225,exploratory_80pct_not_guaranteed,,False,future_not_evaluated,False,analysis_release_v1_20261005T194400349609Z,2026-10-08T15:00:13.610744+00:00,False,source_coverage_unverified;missing_recent_actual
Counter-Strike,2026Q1,2026-01-01,2025Q4,1,random_forest,Random forest,source,5392377.224965488,2025Q4,0,0,False,False,recursive_multi_step,8,3338572.083257091,7446182.366673884,exploratory_80pct_not_guaranteed,,False,future_not_evaluated,True,analysis_release_v1_20261005T194400349609Z,2026-10-08T15:00:13.610744+00:00,False,source_coverage_unverified
Dota 2,2026Q1,2026-01-01,2025Q4,1,random_forest,Random forest,source,6712916.186321749,2025Q4,0,0,False,False,recursive_multi_step,8,0.0,15876392.845584586,exploratory_80pct_not_guaranteed,,False,future_not_evaluated,True,analysis_release_v1_20261005T194400349609Z,2026-10-08T15:00:13.610744+00:00,False,source_coverage_unverified
League of Legends,2026Q1,2026-01-01,2025Q4,1,random_forest,Random forest,source,2037788.6875730609,2025Q3,1,1,False,False,recursive_multi_step,8,0.0,5775884.855815638,exploratory_80pct_not_guaranteed,,False,future_not_evaluated,True,analysis_release_v1_20261005T194400349609Z,2026-10-08T15:00:13.610744+00:00,False,source_coverage_unverified;missing_recent_actual
Valorant,2026Q1,2026-01-01,2025Q4,1,random_forest,Random forest,source,1874913.4232357983,2025Q3,2,1,False,False,recursive_multi_step,8,99591.73366456246,3650235.112807034,exploratory_80pct_not_guaranteed,,False,future_not_evaluated,True,analysis_release_v1_20261005T194400349609Z,2026-10-08T15:00:13.610744+00:00,False,source_coverage_unverified;missing_recent_actual
Counter-Strike,2026Q2,2026-04-01,2025Q4,2,random_forest,Random forest,source,4413562.681422708,2025Q4,0,0,False,True,recursive_multi_step,8,1936814.5446096947,6890310.8182357205,exploratory_80pct_not_guaranteed,,False,future_not_evaluated,True,analysis_release_v1_20261005T194400349609Z,2026-10-08T15:00:13.610744+00:00,False,source_coverage_unverified
Dota 2,2026Q2,2026-04-01,2025Q4,2,random_forest,Random forest,source,4724385.642869139,2025Q4,0,0,False,True,recursive_multi_step,8,0.0,16243619.65167621,exploratory_80pct_not_guaranteed,,False,future_not_evaluated,True,analysis_release_v1_20261005T194400349609Z,2026-10-08T15:00:13.610744+00:00,False,source_coverage_unverified
League of Legends,2026Q2,2026-04-01,2025Q4,2,random_forest,Random forest,source,2333741.5798323518,2025Q3,1,1,False,True,recursive_multi_step,8,0.0,6375469.796748847,exploratory_80pct_not_guaranteed,,False,future_not_evaluated,True,analysis_release_v1_20261005T194400349609Z,2026-10-08T15:00:13.610744+00:00,False,source_coverage_unverified;missing_recent_actual
Valorant,2026Q2,2026-04-01,2025Q4,2,random_forest,Random forest,source,2991194.58257455,2025Q3,2,2,False,True,recursive_multi_step,8,942434.1758217332,5039954.989327367,exploratory_80pct_not_guaranteed,,False,future_not_evaluated,True,analysis_release_v1_20261005T194400349609Z,2026-10-08T15:00:13.610744+00:00,False,source_coverage_unverified;missing_recent_actual
Counter-Strike,2026Q3,2026-07-01,2025Q4,3,random_forest,Random forest,source,4594832.369735881,2025Q4,0,0,False,True,recursive_multi_step,8,2118084.232922868,7071580.506548894,exploratory_80pct_not_guaranteed,,False,future_not_evaluated,True,analysis_release_v1_20261005T194400349609Z,2026-10-08T15:00:13.610744+00:00,False,source_coverage_unverified
Dota 2,2026Q3,2026-07-01,2025Q4,3,random_forest,Random forest,source,5783600.558998439,2025Q4,0,0,False,True,recursive_multi_step,8,0.0,17302834.56780551,exploratory_80pct_not_guaranteed,,False,future_not_evaluated,True,analysis_release_v1_20261005T194400349609Z,2026-10-08T15:00:13.610744+00:00,False,source_coverage_unverified
League of Legends,2026Q3,2026-07-01,2025Q4,3,random_forest,Random forest,source,1976566.0725696438,2025Q3,1,0,False,True,recursive_multi_step,8,0.0,8316160.251350591,exploratory_80pct_not_guaranteed,,False,future_not_evaluated,True,analysis_release_v1_20261005T194400349609Z,2026-10-08T15:00:13.610744+00:00,False,source_coverage_unverified;missing_recent_actual
Valorant,2026Q3,2026-07-01,2025Q4,3,random_forest,Random forest,source,2156453.8692770316,2025Q3,2,0,False,True,recursive_multi_step,8,0.0,5979720.824249458,exploratory_80pct_not_guaranteed,,False,future_not_evaluated,True,analysis_release_v1_20261005T194400349609Z,2026-10-08T15:00:13.610744+00:00,False,source_coverage_unverified;missing_recent_actual
Counter-Strike,2026Q4,2026-10-01,2025Q4,4,random_forest,Random forest,source,4202848.208622029,2025Q4,0,0,False,True,recursive_multi_step,8,1726100.0718090162,6679596.345435042,exploratory_80pct_not_guaranteed,,False,future_not_evaluated,True,analysis_release_v1_20261005T194400349609Z,2026-10-08T15:00:13.610744+00:00,False,source_coverage_unverified
Dota 2,2026Q4,2026-10-01,2025Q4,4,random_forest,Random forest,source,4691573.331354377,2025Q4,0,0,False,True,recursive_multi_step,8,0.0,16210807.340161446,exploratory_80pct_not_guaranteed,,False,future_not_evaluated,True,analysis_release_v1_20261005T194400349609Z,2026-10-08T15:00:13.610744+00:00,False,source_coverage_unverified
League of Legends,2026Q4,2026-10-01,2025Q4,4,random_forest,Random forest,source,2101471.4419758325,2025Q3,1,1,False,True,recursive_multi_step,8,0.0,8441065.620756779,exploratory_80pct_not_guaranteed,,False,future_not_evaluated,True,analysis_release_v1_20261005T194400349609Z,2026-10-08T15:00:13.610744+00:00,False,source_coverage_unverified;missing_recent_actual
Valorant,2026Q4,2026-10-01,2025Q4,4,random_forest,Random forest,source,3243562.616643889,2025Q3,2,1,False,True,recursive_multi_step,8,0.0,7066829.571616314,exploratory_80pct_not_guaranteed,,False,future_not_evaluated,True,analysis_release_v1_20261005T194400349609Z,2026-10-08T15:00:13.610744+00:00,False,source_coverage_unverified;missing_recent_actual
