evaluation_phase,game_family,model,model_label,horizon_quarters,target_policy,n_predictions,n_evaluated,n_origins,evaluation_coverage_pct,mae_usd,rmse_usd,n_interval_evaluated,interval_coverage_pct,protocol,is_primary_model,source_release,generated_at_utc
holdout,Counter-Strike,linear_regression,Linear regression,0,source,4,4,1,100.0,2508408.4218665874,2862093.602729804,4,75.0,recursive_multi_step,False,analysis_release_v1_20261005T194400349609Z,2026-10-08T15:00:13.610744+00:00
holdout,Counter-Strike,linear_regression,Linear regression,1,source,1,1,1,100.0,1535384.9790883376,1535384.9790883376,1,100.0,recursive_multi_step,False,analysis_release_v1_20261005T194400349609Z,2026-10-08T15:00:13.610744+00:00
holdout,Counter-Strike,linear_regression,Linear regression,2,source,1,1,1,100.0,1202542.1758717708,1202542.1758717708,1,100.0,recursive_multi_step,False,analysis_release_v1_20261005T194400349609Z,2026-10-08T15:00:13.610744+00:00
holdout,Counter-Strike,linear_regression,Linear regression,3,source,1,1,1,100.0,2564078.026602421,2564078.026602421,1,100.0,recursive_multi_step,False,analysis_release_v1_20261005T194400349609Z,2026-10-08T15:00:13.610744+00:00
holdout,Counter-Strike,linear_regression,Linear regression,4,source,1,1,1,100.0,4731628.505903819,4731628.505903819,1,0.0,recursive_multi_step,False,analysis_release_v1_20261005T194400349609Z,2026-10-08T15:00:13.610744+00:00
holdout,Counter-Strike,random_forest,Random forest,0,source,4,4,1,100.0,1910512.9654991045,2816868.8692240072,4,75.0,recursive_multi_step,True,analysis_release_v1_20261005T194400349609Z,2026-10-08T15:00:13.610744+00:00
holdout,Counter-Strike,random_forest,Random forest,1,source,1,1,1,100.0,316671.1474663643,316671.1474663643,1,100.0,recursive_multi_step,True,analysis_release_v1_20261005T194400349609Z,2026-10-08T15:00:13.610744+00:00
holdout,Counter-Strike,random_forest,Random forest,2,source,1,1,1,100.0,960250.0794248171,960250.0794248171,1,100.0,recursive_multi_step,True,analysis_release_v1_20261005T194400349609Z,2026-10-08T15:00:13.610744+00:00
holdout,Counter-Strike,random_forest,Random forest,3,source,1,1,1,100.0,895733.8771133889,895733.8771133889,1,100.0,recursive_multi_step,True,analysis_release_v1_20261005T194400349609Z,2026-10-08T15:00:13.610744+00:00
holdout,Counter-Strike,random_forest,Random forest,4,source,1,1,1,100.0,5469396.757991848,5469396.757991848,1,0.0,recursive_multi_step,True,analysis_release_v1_20261005T194400349609Z,2026-10-08T15:00:13.610744+00:00
holdout,Counter-Strike,seasonal_naive,Seasonal naive (t-4),0,source,4,4,1,100.0,2205409.9050000003,2751281.5333519084,4,75.0,recursive_multi_step,False,analysis_release_v1_20261005T194400349609Z,2026-10-08T15:00:13.610744+00:00
holdout,Counter-Strike,seasonal_naive,Seasonal naive (t-4),1,source,1,1,1,100.0,1556331.4000000004,1556331.4000000004,1,100.0,recursive_multi_step,False,analysis_release_v1_20261005T194400349609Z,2026-10-08T15:00:13.610744+00:00
holdout,Counter-Strike,seasonal_naive,Seasonal naive (t-4),2,source,1,1,1,100.0,295605.13999999966,295605.13999999966,1,100.0,recursive_multi_step,False,analysis_release_v1_20261005T194400349609Z,2026-10-08T15:00:13.610744+00:00
holdout,Counter-Strike,seasonal_naive,Seasonal naive (t-4),3,source,1,1,1,100.0,2165709.7800000003,2165709.7800000003,1,100.0,recursive_multi_step,False,analysis_release_v1_20261005T194400349609Z,2026-10-08T15:00:13.610744+00:00
holdout,Counter-Strike,seasonal_naive,Seasonal naive (t-4),4,source,1,1,1,100.0,4803993.3,4803993.3,1,0.0,recursive_multi_step,False,analysis_release_v1_20261005T194400349609Z,2026-10-08T15:00:13.610744+00:00
holdout,Dota 2,linear_regression,Linear regression,0,source,4,4,1,100.0,5578465.64257765,6264828.994032606,4,100.0,recursive_multi_step,False,analysis_release_v1_20261005T194400349609Z,2026-10-08T15:00:13.610744+00:00
holdout,Dota 2,linear_regression,Linear regression,1,source,1,1,1,100.0,3738409.940914222,3738409.940914222,1,100.0,recursive_multi_step,False,analysis_release_v1_20261005T194400349609Z,2026-10-08T15:00:13.610744+00:00
holdout,Dota 2,linear_regression,Linear regression,2,source,1,1,1,100.0,1944347.531292026,1944347.531292026,1,100.0,recursive_multi_step,False,analysis_release_v1_20261005T194400349609Z,2026-10-08T15:00:13.610744+00:00
holdout,Dota 2,linear_regression,Linear regression,3,source,1,1,1,100.0,7630240.686823588,7630240.686823588,1,100.0,recursive_multi_step,False,analysis_release_v1_20261005T194400349609Z,2026-10-08T15:00:13.610744+00:00
holdout,Dota 2,linear_regression,Linear regression,4,source,1,1,1,100.0,9000864.411280762,9000864.411280762,1,100.0,recursive_multi_step,False,analysis_release_v1_20261005T194400349609Z,2026-10-08T15:00:13.610744+00:00
holdout,Dota 2,random_forest,Random forest,0,source,4,4,1,100.0,2130569.6109262165,2900843.8023012853,4,100.0,recursive_multi_step,True,analysis_release_v1_20261005T194400349609Z,2026-10-08T15:00:13.610744+00:00
holdout,Dota 2,random_forest,Random forest,1,source,1,1,1,100.0,1039258.9272961933,1039258.9272961933,1,100.0,recursive_multi_step,True,analysis_release_v1_20261005T194400349609Z,2026-10-08T15:00:13.610744+00:00
holdout,Dota 2,random_forest,Random forest,2,source,1,1,1,100.0,124258.05875189975,124258.05875189975,1,100.0,recursive_multi_step,True,analysis_release_v1_20261005T194400349609Z,2026-10-08T15:00:13.610744+00:00
holdout,Dota 2,random_forest,Random forest,3,source,1,1,1,100.0,2022818.8098344011,2022818.8098344011,1,100.0,recursive_multi_step,True,analysis_release_v1_20261005T194400349609Z,2026-10-08T15:00:13.610744+00:00
holdout,Dota 2,random_forest,Random forest,4,source,1,1,1,100.0,5335942.647822372,5335942.647822372,1,100.0,recursive_multi_step,True,analysis_release_v1_20261005T194400349609Z,2026-10-08T15:00:13.610744+00:00
holdout,Dota 2,seasonal_naive,Seasonal naive (t-4),0,source,4,4,1,100.0,2587195.51,3124234.8455692865,4,100.0,recursive_multi_step,False,analysis_release_v1_20261005T194400349609Z,2026-10-08T15:00:13.610744+00:00
holdout,Dota 2,seasonal_naive,Seasonal naive (t-4),1,source,1,1,1,100.0,371736.5999999996,371736.5999999996,1,100.0,recursive_multi_step,False,analysis_release_v1_20261005T194400349609Z,2026-10-08T15:00:13.610744+00:00
holdout,Dota 2,seasonal_naive,Seasonal naive (t-4),2,source,1,1,1,100.0,1504794.2400000002,1504794.2400000002,1,100.0,recursive_multi_step,False,analysis_release_v1_20261005T194400349609Z,2026-10-08T15:00:13.610744+00:00
holdout,Dota 2,seasonal_naive,Seasonal naive (t-4),3,source,1,1,1,100.0,3623239.1999999993,3623239.1999999993,1,100.0,recursive_multi_step,False,analysis_release_v1_20261005T194400349609Z,2026-10-08T15:00:13.610744+00:00
holdout,Dota 2,seasonal_naive,Seasonal naive (t-4),4,source,1,1,1,100.0,4849012.0,4849012.0,1,100.0,recursive_multi_step,False,analysis_release_v1_20261005T194400349609Z,2026-10-08T15:00:13.610744+00:00
holdout,League of Legends,linear_regression,Linear regression,0,source,4,3,1,75.0,1009152.2634201668,1449333.4789523298,3,100.0,recursive_multi_step,False,analysis_release_v1_20261005T194400349609Z,2026-10-08T15:00:13.610744+00:00
holdout,League of Legends,linear_regression,Linear regression,1,source,1,1,1,100.0,342197.1105550816,342197.1105550816,1,100.0,recursive_multi_step,False,analysis_release_v1_20261005T194400349609Z,2026-10-08T15:00:13.610744+00:00
holdout,League of Legends,linear_regression,Linear regression,2,source,1,1,1,100.0,207003.58895893,207003.58895893,1,100.0,recursive_multi_step,False,analysis_release_v1_20261005T194400349609Z,2026-10-08T15:00:13.610744+00:00
holdout,League of Legends,linear_regression,Linear regression,3,source,1,1,1,100.0,2478256.0907464884,2478256.0907464884,1,100.0,recursive_multi_step,False,analysis_release_v1_20261005T194400349609Z,2026-10-08T15:00:13.610744+00:00
holdout,League of Legends,linear_regression,Linear regression,4,source,1,0,1,0.0,,,0,,recursive_multi_step,False,analysis_release_v1_20261005T194400349609Z,2026-10-08T15:00:13.610744+00:00
holdout,League of Legends,random_forest,Random forest,0,source,4,3,1,75.0,1830658.020108388,2017987.0931721968,3,100.0,recursive_multi_step,True,analysis_release_v1_20261005T194400349609Z,2026-10-08T15:00:13.610744+00:00
holdout,League of Legends,random_forest,Random forest,1,source,1,1,1,100.0,2585089.3790849294,2585089.3790849294,1,100.0,recursive_multi_step,True,analysis_release_v1_20261005T194400349609Z,2026-10-08T15:00:13.610744+00:00
holdout,League of Legends,random_forest,Random forest,2,source,1,1,1,100.0,644387.536618423,644387.536618423,1,100.0,recursive_multi_step,True,analysis_release_v1_20261005T194400349609Z,2026-10-08T15:00:13.610744+00:00
holdout,League of Legends,random_forest,Random forest,3,source,1,1,1,100.0,2262497.144621812,2262497.144621812,1,100.0,recursive_multi_step,True,analysis_release_v1_20261005T194400349609Z,2026-10-08T15:00:13.610744+00:00
holdout,League of Legends,random_forest,Random forest,4,source,1,0,1,0.0,,,0,,recursive_multi_step,True,analysis_release_v1_20261005T194400349609Z,2026-10-08T15:00:13.610744+00:00
holdout,League of Legends,seasonal_naive,Seasonal naive (t-4),0,source,4,3,1,75.0,944882.2266666666,1186418.2349778647,3,100.0,recursive_multi_step,False,analysis_release_v1_20261005T194400349609Z,2026-10-08T15:00:13.610744+00:00
holdout,League of Legends,seasonal_naive,Seasonal naive (t-4),1,source,1,1,1,100.0,584948.48,584948.48,1,100.0,recursive_multi_step,False,analysis_release_v1_20261005T194400349609Z,2026-10-08T15:00:13.610744+00:00
holdout,League of Legends,seasonal_naive,Seasonal naive (t-4),2,source,1,1,1,100.0,303256.44999999995,303256.44999999995,1,100.0,recursive_multi_step,False,analysis_release_v1_20261005T194400349609Z,2026-10-08T15:00:13.610744+00:00
holdout,League of Legends,seasonal_naive,Seasonal naive (t-4),3,source,1,1,1,100.0,1946441.75,1946441.75,1,100.0,recursive_multi_step,False,analysis_release_v1_20261005T194400349609Z,2026-10-08T15:00:13.610744+00:00
holdout,League of Legends,seasonal_naive,Seasonal naive (t-4),4,source,1,0,1,0.0,,,0,,recursive_multi_step,False,analysis_release_v1_20261005T194400349609Z,2026-10-08T15:00:13.610744+00:00
holdout,Overall,linear_regression,Linear regression,0,source,16,13,1,81.25,2881416.2830043086,3920547.414291587,13,84.61538461538461,recursive_multi_step,False,analysis_release_v1_20261005T194400349609Z,2026-10-08T15:00:13.610744+00:00
holdout,Overall,linear_regression,Linear regression,1,source,4,4,1,100.0,1441646.4329551032,2029340.6100054174,4,100.0,recursive_multi_step,False,analysis_release_v1_20261005T194400349609Z,2026-10-08T15:00:13.610744+00:00
holdout,Overall,linear_regression,Linear regression,2,source,4,3,1,75.0,1117964.432040909,1325323.2930161715,3,100.0,recursive_multi_step,False,analysis_release_v1_20261005T194400349609Z,2026-10-08T15:00:13.610744+00:00
holdout,Overall,linear_regression,Linear regression,3,source,4,4,1,100.0,3651359.9334820723,4320670.930346507,4,75.0,recursive_multi_step,False,analysis_release_v1_20261005T194400349609Z,2026-10-08T15:00:13.610744+00:00
holdout,Overall,linear_regression,Linear regression,4,source,4,2,1,50.0,6866246.45859229,7190405.707195602,2,50.0,recursive_multi_step,False,analysis_release_v1_20261005T194400349609Z,2026-10-08T15:00:13.610744+00:00
holdout,Overall,random_forest,Random forest,0,source,16,13,1,81.25,1892009.5599558116,2514240.7997146877,13,84.61538461538461,recursive_multi_step,True,analysis_release_v1_20261005T194400349609Z,2026-10-08T15:00:13.610744+00:00
holdout,Overall,random_forest,Random forest,1,source,4,4,1,100.0,1439627.068582849,1670800.1409537434,4,75.0,recursive_multi_step,True,analysis_release_v1_20261005T194400349609Z,2026-10-08T15:00:13.610744+00:00
holdout,Overall,random_forest,Random forest,2,source,4,3,1,75.0,576298.5582650466,671504.6729917615,3,100.0,recursive_multi_step,True,analysis_release_v1_20261005T194400349609Z,2026-10-08T15:00:13.610744+00:00
holdout,Overall,random_forest,Random forest,3,source,4,4,1,100.0,1575845.231121199,1678738.7771459944,4,100.0,recursive_multi_step,True,analysis_release_v1_20261005T194400349609Z,2026-10-08T15:00:13.610744+00:00
holdout,Overall,random_forest,Random forest,4,source,4,2,1,50.0,5402669.70290711,5403081.751981056,2,50.0,recursive_multi_step,True,analysis_release_v1_20261005T194400349609Z,2026-10-08T15:00:13.610744+00:00
holdout,Overall,seasonal_naive,Seasonal naive (t-4),0,source,16,13,1,81.25,1845568.6099999999,2410869.304306496,13,76.92307692307693,recursive_multi_step,False,analysis_release_v1_20261005T194400349609Z,2026-10-08T15:00:13.610744+00:00
holdout,Overall,seasonal_naive,Seasonal naive (t-4),1,source,4,4,1,100.0,840999.8875,952193.840046035,4,75.0,recursive_multi_step,False,analysis_release_v1_20261005T194400349609Z,2026-10-08T15:00:13.610744+00:00
holdout,Overall,seasonal_naive,Seasonal naive (t-4),2,source,4,3,1,75.0,701218.61,902543.1804994522,3,100.0,recursive_multi_step,False,analysis_release_v1_20261005T194400349609Z,2026-10-08T15:00:13.610744+00:00
holdout,Overall,seasonal_naive,Seasonal naive (t-4),3,source,4,4,1,100.0,2217932.8125,2392596.2057533455,4,75.0,recursive_multi_step,False,analysis_release_v1_20261005T194400349609Z,2026-10-08T15:00:13.610744+00:00
holdout,Overall,seasonal_naive,Seasonal naive (t-4),4,source,4,2,1,50.0,4826502.65,4826555.138118122,2,50.0,recursive_multi_step,False,analysis_release_v1_20261005T194400349609Z,2026-10-08T15:00:13.610744+00:00
holdout,Valorant,linear_regression,Linear regression,0,source,4,2,1,50.0,1041729.3155092823,1370883.893613877,2,50.0,recursive_multi_step,False,analysis_release_v1_20261005T194400349609Z,2026-10-08T15:00:13.610744+00:00
holdout,Valorant,linear_regression,Linear regression,1,source,1,1,1,100.0,150593.70126277173,150593.70126277173,1,100.0,recursive_multi_step,False,analysis_release_v1_20261005T194400349609Z,2026-10-08T15:00:13.610744+00:00
holdout,Valorant,linear_regression,Linear regression,2,source,1,0,1,0.0,,,0,,recursive_multi_step,False,analysis_release_v1_20261005T194400349609Z,2026-10-08T15:00:13.610744+00:00
holdout,Valorant,linear_regression,Linear regression,3,source,1,1,1,100.0,1932864.929755793,1932864.929755793,1,0.0,recursive_multi_step,False,analysis_release_v1_20261005T194400349609Z,2026-10-08T15:00:13.610744+00:00
holdout,Valorant,linear_regression,Linear regression,4,source,1,0,1,0.0,,,0,,recursive_multi_step,False,analysis_release_v1_20261005T194400349609Z,2026-10-08T15:00:13.610744+00:00
holdout,Valorant,random_forest,Random forest,0,source,4,2,1,50.0,1469909.9566995515,1510445.744591345,2,50.0,recursive_multi_step,True,analysis_release_v1_20261005T194400349609Z,2026-10-08T15:00:13.610744+00:00
holdout,Valorant,random_forest,Random forest,1,source,1,1,1,100.0,1817488.820483909,1817488.820483909,1,0.0,recursive_multi_step,True,analysis_release_v1_20261005T194400349609Z,2026-10-08T15:00:13.610744+00:00
holdout,Valorant,random_forest,Random forest,2,source,1,0,1,0.0,,,0,,recursive_multi_step,True,analysis_release_v1_20261005T194400349609Z,2026-10-08T15:00:13.610744+00:00
holdout,Valorant,random_forest,Random forest,3,source,1,1,1,100.0,1122331.092915194,1122331.092915194,1,100.0,recursive_multi_step,True,analysis_release_v1_20261005T194400349609Z,2026-10-08T15:00:13.610744+00:00
holdout,Valorant,random_forest,Random forest,4,source,1,0,1,0.0,,,0,,recursive_multi_step,True,analysis_release_v1_20261005T194400349609Z,2026-10-08T15:00:13.610744+00:00
holdout,Valorant,seasonal_naive,Seasonal naive (t-4),0,source,4,2,1,50.0,993661.7949999999,1003853.0676400046,2,0.0,recursive_multi_step,False,analysis_release_v1_20261005T194400349609Z,2026-10-08T15:00:13.610744+00:00
holdout,Valorant,seasonal_naive,Seasonal naive (t-4),1,source,1,1,1,100.0,850983.07,850983.07,1,0.0,recursive_multi_step,False,analysis_release_v1_20261005T194400349609Z,2026-10-08T15:00:13.610744+00:00
holdout,Valorant,seasonal_naive,Seasonal naive (t-4),2,source,1,0,1,0.0,,,0,,recursive_multi_step,False,analysis_release_v1_20261005T194400349609Z,2026-10-08T15:00:13.610744+00:00
holdout,Valorant,seasonal_naive,Seasonal naive (t-4),3,source,1,1,1,100.0,1136340.52,1136340.52,1,0.0,recursive_multi_step,False,analysis_release_v1_20261005T194400349609Z,2026-10-08T15:00:13.610744+00:00
holdout,Valorant,seasonal_naive,Seasonal naive (t-4),4,source,1,0,1,0.0,,,0,,recursive_multi_step,False,analysis_release_v1_20261005T194400349609Z,2026-10-08T15:00:13.610744+00:00
selection,Counter-Strike,linear_regression,Linear regression,0,source,32,32,8,100.0,1028934.0822740863,1331339.6123650593,0,,recursive_multi_step,False,analysis_release_v1_20261005T194400349609Z,2026-10-08T15:00:13.610744+00:00
selection,Counter-Strike,linear_regression,Linear regression,1,source,8,8,8,100.0,1214628.8818034981,1485173.683561102,0,,recursive_multi_step,False,analysis_release_v1_20261005T194400349609Z,2026-10-08T15:00:13.610744+00:00
selection,Counter-Strike,linear_regression,Linear regression,2,source,8,8,8,100.0,1317876.7610738166,1648971.4518097655,0,,recursive_multi_step,False,analysis_release_v1_20261005T194400349609Z,2026-10-08T15:00:13.610744+00:00
selection,Counter-Strike,linear_regression,Linear regression,3,source,8,8,8,100.0,1003265.044622936,1322237.598560236,0,,recursive_multi_step,False,analysis_release_v1_20261005T194400349609Z,2026-10-08T15:00:13.610744+00:00
selection,Counter-Strike,linear_regression,Linear regression,4,source,8,8,8,100.0,579965.6415960942,645523.5607915395,0,,recursive_multi_step,False,analysis_release_v1_20261005T194400349609Z,2026-10-08T15:00:13.610744+00:00
selection,Counter-Strike,random_forest,Random forest,0,source,32,32,8,100.0,778389.1795678904,972854.449377042,0,,recursive_multi_step,True,analysis_release_v1_20261005T194400349609Z,2026-10-08T15:00:13.610744+00:00
selection,Counter-Strike,random_forest,Random forest,1,source,8,8,8,100.0,1029091.7748484067,1213015.9049278777,0,,recursive_multi_step,True,analysis_release_v1_20261005T194400349609Z,2026-10-08T15:00:13.610744+00:00
selection,Counter-Strike,random_forest,Random forest,2,source,8,8,8,100.0,779866.766529298,1099972.7193788271,0,,recursive_multi_step,True,analysis_release_v1_20261005T194400349609Z,2026-10-08T15:00:13.610744+00:00
selection,Counter-Strike,random_forest,Random forest,3,source,8,8,8,100.0,653982.2284465713,751658.0788568975,0,,recursive_multi_step,True,analysis_release_v1_20261005T194400349609Z,2026-10-08T15:00:13.610744+00:00
selection,Counter-Strike,random_forest,Random forest,4,source,8,8,8,100.0,650615.9484472856,734469.6604995592,0,,recursive_multi_step,True,analysis_release_v1_20261005T194400349609Z,2026-10-08T15:00:13.610744+00:00
selection,Counter-Strike,seasonal_naive,Seasonal naive (t-4),0,source,32,32,8,100.0,940108.6168750001,1240530.6722149304,0,,recursive_multi_step,False,analysis_release_v1_20261005T194400349609Z,2026-10-08T15:00:13.610744+00:00
selection,Counter-Strike,seasonal_naive,Seasonal naive (t-4),1,source,8,8,8,100.0,1051749.225,1340486.5287082864,0,,recursive_multi_step,False,analysis_release_v1_20261005T194400349609Z,2026-10-08T15:00:13.610744+00:00
selection,Counter-Strike,seasonal_naive,Seasonal naive (t-4),2,source,8,8,8,100.0,1018799.7437500001,1331720.9625380868,0,,recursive_multi_step,False,analysis_release_v1_20261005T194400349609Z,2026-10-08T15:00:13.610744+00:00
selection,Counter-Strike,seasonal_naive,Seasonal naive (t-4),3,source,8,8,8,100.0,978728.6250000001,1287719.0448286685,0,,recursive_multi_step,False,analysis_release_v1_20261005T194400349609Z,2026-10-08T15:00:13.610744+00:00
selection,Counter-Strike,seasonal_naive,Seasonal naive (t-4),4,source,8,8,8,100.0,711156.8737500001,962839.6547182146,0,,recursive_multi_step,False,analysis_release_v1_20261005T194400349609Z,2026-10-08T15:00:13.610744+00:00
selection,Dota 2,linear_regression,Linear regression,0,source,32,32,8,100.0,5976171.549152461,7418375.899620349,0,,recursive_multi_step,False,analysis_release_v1_20261005T194400349609Z,2026-10-08T15:00:13.610744+00:00
selection,Dota 2,linear_regression,Linear regression,1,source,8,8,8,100.0,5559293.871194052,7180291.52437234,0,,recursive_multi_step,False,analysis_release_v1_20261005T194400349609Z,2026-10-08T15:00:13.610744+00:00
selection,Dota 2,linear_regression,Linear regression,2,source,8,8,8,100.0,5717006.047362168,6856679.735472307,0,,recursive_multi_step,False,analysis_release_v1_20261005T194400349609Z,2026-10-08T15:00:13.610744+00:00
selection,Dota 2,linear_regression,Linear regression,3,source,8,8,8,100.0,6025634.429515103,7417660.681935611,0,,recursive_multi_step,False,analysis_release_v1_20261005T194400349609Z,2026-10-08T15:00:13.610744+00:00
selection,Dota 2,linear_regression,Linear regression,4,source,8,8,8,100.0,6602751.84853852,8157013.582808889,0,,recursive_multi_step,False,analysis_release_v1_20261005T194400349609Z,2026-10-08T15:00:13.610744+00:00
selection,Dota 2,random_forest,Random forest,0,source,32,32,8,100.0,4751293.597114894,5863556.424898536,0,,recursive_multi_step,True,analysis_release_v1_20261005T194400349609Z,2026-10-08T15:00:13.610744+00:00
selection,Dota 2,random_forest,Random forest,1,source,8,8,8,100.0,4537043.648925211,5612930.734530201,0,,recursive_multi_step,True,analysis_release_v1_20261005T194400349609Z,2026-10-08T15:00:13.610744+00:00
selection,Dota 2,random_forest,Random forest,2,source,8,8,8,100.0,4924699.128013325,6086430.043217601,0,,recursive_multi_step,True,analysis_release_v1_20261005T194400349609Z,2026-10-08T15:00:13.610744+00:00
selection,Dota 2,random_forest,Random forest,3,source,8,8,8,100.0,4659054.482664762,5642500.1618089555,0,,recursive_multi_step,True,analysis_release_v1_20261005T194400349609Z,2026-10-08T15:00:13.610744+00:00
selection,Dota 2,random_forest,Random forest,4,source,8,8,8,100.0,4884377.128856278,6094074.631496232,0,,recursive_multi_step,True,analysis_release_v1_20261005T194400349609Z,2026-10-08T15:00:13.610744+00:00
selection,Dota 2,seasonal_naive,Seasonal naive (t-4),0,source,32,32,8,100.0,6782418.837499999,9825876.806165257,0,,recursive_multi_step,False,analysis_release_v1_20261005T194400349609Z,2026-10-08T15:00:13.610744+00:00
selection,Dota 2,seasonal_naive,Seasonal naive (t-4),1,source,8,8,8,100.0,7134405.266249999,10488784.943823835,0,,recursive_multi_step,False,analysis_release_v1_20261005T194400349609Z,2026-10-08T15:00:13.610744+00:00
selection,Dota 2,seasonal_naive,Seasonal naive (t-4),2,source,8,8,8,100.0,7301907.78125,10504442.715076555,0,,recursive_multi_step,False,analysis_release_v1_20261005T194400349609Z,2026-10-08T15:00:13.610744+00:00
selection,Dota 2,seasonal_naive,Seasonal naive (t-4),3,source,8,8,8,100.0,7688389.18,10713472.871838884,0,,recursive_multi_step,False,analysis_release_v1_20261005T194400349609Z,2026-10-08T15:00:13.610744+00:00
selection,Dota 2,seasonal_naive,Seasonal naive (t-4),4,source,8,8,8,100.0,5004973.1225000005,7145277.651148846,0,,recursive_multi_step,False,analysis_release_v1_20261005T194400349609Z,2026-10-08T15:00:13.610744+00:00
selection,League of Legends,linear_regression,Linear regression,0,source,32,32,8,100.0,1189820.2425200753,1939417.9846761331,0,,recursive_multi_step,False,analysis_release_v1_20261005T194400349609Z,2026-10-08T15:00:13.610744+00:00
selection,League of Legends,linear_regression,Linear regression,1,source,8,8,8,100.0,1213616.8932352937,1927317.0289560806,0,,recursive_multi_step,False,analysis_release_v1_20261005T194400349609Z,2026-10-08T15:00:13.610744+00:00
selection,League of Legends,linear_regression,Linear regression,2,source,8,8,8,100.0,1025169.1305636538,1828257.4074036106,0,,recursive_multi_step,False,analysis_release_v1_20261005T194400349609Z,2026-10-08T15:00:13.610744+00:00
selection,League of Legends,linear_regression,Linear regression,3,source,8,8,8,100.0,1247916.7798566585,1971953.0535169207,0,,recursive_multi_step,False,analysis_release_v1_20261005T194400349609Z,2026-10-08T15:00:13.610744+00:00
selection,League of Legends,linear_regression,Linear regression,4,source,8,8,8,100.0,1272578.1664246959,2024770.0002805155,0,,recursive_multi_step,False,analysis_release_v1_20261005T194400349609Z,2026-10-08T15:00:13.610744+00:00
selection,League of Legends,random_forest,Random forest,0,source,32,32,8,100.0,1617869.2046097028,2223702.5625413656,0,,recursive_multi_step,True,analysis_release_v1_20261005T194400349609Z,2026-10-08T15:00:13.610744+00:00
selection,League of Legends,random_forest,Random forest,1,source,8,8,8,100.0,1167213.8504469735,1657904.1606333717,0,,recursive_multi_step,True,analysis_release_v1_20261005T194400349609Z,2026-10-08T15:00:13.610744+00:00
selection,League of Legends,random_forest,Random forest,2,source,8,8,8,100.0,1184271.5093278794,1731916.4968762521,0,,recursive_multi_step,True,analysis_release_v1_20261005T194400349609Z,2026-10-08T15:00:13.610744+00:00
selection,League of Legends,random_forest,Random forest,3,source,8,8,8,100.0,1951303.0542507684,2798084.2973963884,0,,recursive_multi_step,True,analysis_release_v1_20261005T194400349609Z,2026-10-08T15:00:13.610744+00:00
selection,League of Legends,random_forest,Random forest,4,source,8,8,8,100.0,2168688.4044131897,2490372.5932635767,0,,recursive_multi_step,True,analysis_release_v1_20261005T194400349609Z,2026-10-08T15:00:13.610744+00:00
selection,League of Legends,seasonal_naive,Seasonal naive (t-4),0,source,32,32,8,100.0,1308610.9046874999,1701614.8869587863,0,,recursive_multi_step,False,analysis_release_v1_20261005T194400349609Z,2026-10-08T15:00:13.610744+00:00
selection,League of Legends,seasonal_naive,Seasonal naive (t-4),1,source,8,8,8,100.0,1207774.3287499999,1572966.7592851324,0,,recursive_multi_step,False,analysis_release_v1_20261005T194400349609Z,2026-10-08T15:00:13.610744+00:00
selection,League of Legends,seasonal_naive,Seasonal naive (t-4),2,source,8,8,8,100.0,1248745.0837499998,1577578.0775623051,0,,recursive_multi_step,False,analysis_release_v1_20261005T194400349609Z,2026-10-08T15:00:13.610744+00:00
selection,League of Legends,seasonal_naive,Seasonal naive (t-4),3,source,8,8,8,100.0,1392689.9537499999,1823405.8559010755,0,,recursive_multi_step,False,analysis_release_v1_20261005T194400349609Z,2026-10-08T15:00:13.610744+00:00
selection,League of Legends,seasonal_naive,Seasonal naive (t-4),4,source,8,8,8,100.0,1385234.2525,1814989.521215913,0,,recursive_multi_step,False,analysis_release_v1_20261005T194400349609Z,2026-10-08T15:00:13.610744+00:00
selection,Overall,linear_regression,Linear regression,0,source,128,128,8,100.0,2268128.2812986854,3923308.472841125,0,,recursive_multi_step,False,analysis_release_v1_20261005T194400349609Z,2026-10-08T15:00:13.610744+00:00
selection,Overall,linear_regression,Linear regression,1,source,32,32,8,100.0,2244777.018185106,3829681.8962168563,0,,recursive_multi_step,False,analysis_release_v1_20261005T194400349609Z,2026-10-08T15:00:13.610744+00:00
selection,Overall,linear_regression,Linear regression,2,source,32,32,8,100.0,2260735.189747534,3679046.061211462,0,,recursive_multi_step,False,analysis_release_v1_20261005T194400349609Z,2026-10-08T15:00:13.610744+00:00
selection,Overall,linear_regression,Linear regression,3,source,32,32,8,100.0,2267922.9819830135,3922782.6452418393,0,,recursive_multi_step,False,analysis_release_v1_20261005T194400349609Z,2026-10-08T15:00:13.610744+00:00
selection,Overall,linear_regression,Linear regression,4,source,32,32,8,100.0,2299077.935279088,4240204.059208774,0,,recursive_multi_step,False,analysis_release_v1_20261005T194400349609Z,2026-10-08T15:00:13.610744+00:00
selection,Overall,random_forest,Random forest,0,source,128,128,8,100.0,2138475.754983552,3292475.4478818895,0,,recursive_multi_step,True,analysis_release_v1_20261005T194400349609Z,2026-10-08T15:00:13.610744+00:00
selection,Overall,random_forest,Random forest,1,source,32,32,8,100.0,1872678.4599143506,3026712.0109996027,0,,recursive_multi_step,True,analysis_release_v1_20261005T194400349609Z,2026-10-08T15:00:13.610744+00:00
selection,Overall,random_forest,Random forest,2,source,32,32,8,100.0,1946029.297597064,3257797.7871972406,0,,recursive_multi_step,True,analysis_release_v1_20261005T194400349609Z,2026-10-08T15:00:13.610744+00:00
selection,Overall,random_forest,Random forest,3,source,32,32,8,100.0,2220957.2491083546,3312066.4280143855,0,,recursive_multi_step,True,analysis_release_v1_20261005T194400349609Z,2026-10-08T15:00:13.610744+00:00
selection,Overall,random_forest,Random forest,4,source,32,32,8,100.0,2514238.013314439,3552120.811042852,0,,recursive_multi_step,True,analysis_release_v1_20261005T194400349609Z,2026-10-08T15:00:13.610744+00:00
selection,Overall,seasonal_naive,Seasonal naive (t-4),0,source,128,128,8,100.0,2362242.5621875,5030508.23654272,0,,recursive_multi_step,False,analysis_release_v1_20261005T194400349609Z,2026-10-08T15:00:13.610744+00:00
selection,Overall,seasonal_naive,Seasonal naive (t-4),1,source,32,32,8,100.0,2455147.5984374997,5350712.985992322,0,,recursive_multi_step,False,analysis_release_v1_20261005T194400349609Z,2026-10-08T15:00:13.610744+00:00
selection,Overall,seasonal_naive,Seasonal naive (t-4),2,source,32,32,8,100.0,2491547.3721875,5357993.924507441,0,,recursive_multi_step,False,analysis_release_v1_20261005T194400349609Z,2026-10-08T15:00:13.610744+00:00
selection,Overall,seasonal_naive,Seasonal naive (t-4),3,source,32,32,8,100.0,2614945.881875,5477015.752429108,0,,recursive_multi_step,False,analysis_release_v1_20261005T194400349609Z,2026-10-08T15:00:13.610744+00:00
selection,Overall,seasonal_naive,Seasonal naive (t-4),4,source,32,32,8,100.0,1887329.39625,3726677.148052199,0,,recursive_multi_step,False,analysis_release_v1_20261005T194400349609Z,2026-10-08T15:00:13.610744+00:00
selection,Valorant,linear_regression,Linear regression,0,source,32,32,8,100.0,877587.2512481193,1001643.2605784525,0,,recursive_multi_step,False,analysis_release_v1_20261005T194400349609Z,2026-10-08T15:00:13.610744+00:00
selection,Valorant,linear_regression,Linear regression,1,source,8,8,8,100.0,991568.4265075811,1090401.5450395849,0,,recursive_multi_step,False,analysis_release_v1_20261005T194400349609Z,2026-10-08T15:00:13.610744+00:00
selection,Valorant,linear_regression,Linear regression,2,source,8,8,8,100.0,982888.819990498,1032390.7644956533,0,,recursive_multi_step,False,analysis_release_v1_20261005T194400349609Z,2026-10-08T15:00:13.610744+00:00
selection,Valorant,linear_regression,Linear regression,3,source,8,8,8,100.0,794875.6739373559,945670.9906662715,0,,recursive_multi_step,False,analysis_release_v1_20261005T194400349609Z,2026-10-08T15:00:13.610744+00:00
selection,Valorant,linear_regression,Linear regression,4,source,8,8,8,100.0,741016.0845570423,929546.6869504588,0,,recursive_multi_step,False,analysis_release_v1_20261005T194400349609Z,2026-10-08T15:00:13.610744+00:00
selection,Valorant,random_forest,Random forest,0,source,32,32,8,100.0,1406351.038641722,1757550.990818064,0,,recursive_multi_step,True,analysis_release_v1_20261005T194400349609Z,2026-10-08T15:00:13.610744+00:00
selection,Valorant,random_forest,Random forest,1,source,8,8,8,100.0,757364.5654368119,958591.2413692598,0,,recursive_multi_step,True,analysis_release_v1_20261005T194400349609Z,2026-10-08T15:00:13.610744+00:00
selection,Valorant,random_forest,Random forest,2,source,8,8,8,100.0,895279.786517753,1094933.9169819253,0,,recursive_multi_step,True,analysis_release_v1_20261005T194400349609Z,2026-10-08T15:00:13.610744+00:00
selection,Valorant,random_forest,Random forest,3,source,8,8,8,100.0,1619489.2310713183,1909728.3616940693,0,,recursive_multi_step,True,analysis_release_v1_20261005T194400349609Z,2026-10-08T15:00:13.610744+00:00
selection,Valorant,random_forest,Random forest,4,source,8,8,8,100.0,2353270.5715410053,2567314.1754090562,0,,recursive_multi_step,True,analysis_release_v1_20261005T194400349609Z,2026-10-08T15:00:13.610744+00:00
selection,Valorant,seasonal_naive,Seasonal naive (t-4),0,source,32,32,8,100.0,417831.8896875,491719.3198710526,0,,recursive_multi_step,False,analysis_release_v1_20261005T194400349609Z,2026-10-08T15:00:13.610744+00:00
selection,Valorant,seasonal_naive,Seasonal naive (t-4),1,source,8,8,8,100.0,426661.57375,484540.68623543513,0,,recursive_multi_step,False,analysis_release_v1_20261005T194400349609Z,2026-10-08T15:00:13.610744+00:00
selection,Valorant,seasonal_naive,Seasonal naive (t-4),2,source,8,8,8,100.0,396736.88,476283.0177963181,0,,recursive_multi_step,False,analysis_release_v1_20261005T194400349609Z,2026-10-08T15:00:13.610744+00:00
selection,Valorant,seasonal_naive,Seasonal naive (t-4),3,source,8,8,8,100.0,399975.76875,478827.7143711399,0,,recursive_multi_step,False,analysis_release_v1_20261005T194400349609Z,2026-10-08T15:00:13.610744+00:00
selection,Valorant,seasonal_naive,Seasonal naive (t-4),4,source,8,8,8,100.0,447953.33625,525595.2705544807,0,,recursive_multi_step,False,analysis_release_v1_20261005T194400349609Z,2026-10-08T15:00:13.610744+00:00
