game_id,game_slug,game_name,game_family,genre,platform,enabled,priority,earnings_game_id,earnings_events_url,earnings_status,escharts_game_id,escharts_game_url,escharts_status,liquipedia_wiki,liquipedia_game_url,liquipedia_status,notes
G001,csgo,Counter-Strike: Global Offensive,Counter-Strike,Tactical FPS,PC,true,1,245,https://www.esportsearnings.com/games/245-counter-strike-global-offensive/events,crawling,,,not_verified,,,not_verified,Keep separate from CS2
G002,cs2,Counter-Strike 2,Counter-Strike,Tactical FPS,PC,true,1,,,not_verified,,,not_verified,,,not_verified,Keep separate from CSGO
G003,dota2,Dota 2,Dota,MOBA,PC,true,1,231,https://www.esportsearnings.com/games/231-dota-2/events,ready,,,not_verified,,,not_verified,
G004,lol,League of Legends,League of Legends,MOBA,PC,true,1,164,https://www.esportsearnings.com/games/164-league-of-legends/events,ready,,,not_verified,,,not_verified,
G005,valorant,VALORANT,VALORANT,Tactical FPS,PC,true,1,246,https://www.esportsearnings.com/games/246-valorant/events,ready,,,not_verified,,,not_verified,
G006,pubg_mobile,PUBG Mobile,PUBG,Battle Royale,Mobile,true,1,,,not_verified,,,not_verified,,,not_verified,
G007,mlbb,Mobile Legends: Bang Bang,Mobile Legends,MOBA,Mobile,true,1,,,not_verified,,,not_verified,,,not_verified,
G008,aov,Arena of Valor,Arena of Valor,MOBA,Mobile,true,1,,,not_verified,,,not_verified,,,not_verified,
G009,r6,Rainbow Six Siege,Rainbow Six,Tactical FPS,PC,true,2,,,not_verified,,,not_verified,,,not_verified,
G010,crossfire,CrossFire,CrossFire,Tactical FPS,PC,true,2,,,not_verified,,,not_verified,,,not_verified,
G011,hok,Honor of Kings,Honor of Kings,MOBA,Mobile,true,2,,,not_verified,,,not_verified,,,not_verified,
G012,wild_rift,League of Legends: Wild Rift,League of Legends,MOBA,Mobile,true,2,,,not_verified,,,not_verified,,,not_verified,
G013,pubg,PUBG: Battlegrounds,PUBG,Battle Royale,PC,true,2,,,not_verified,,,not_verified,,,not_verified,
G014,fortnite,Fortnite,Fortnite,Battle Royale,Multi-platform,true,2,,,not_verified,,,not_verified,,,not_verified,May contain individual and team results
G015,apex,Apex Legends,Apex Legends,Battle Royale,Multi-platform,true,2,,,not_verified,,,not_verified,,,not_verified,
G016,free_fire,Free Fire,Free Fire,Battle Royale,Mobile,true,2,,,not_verified,,,not_verified,,,not_verified,
G017,rocket_league,Rocket League,Rocket League,Sports,Multi-platform,true,3,,,not_verified,,,not_verified,,,not_verified,
G018,starcraft2,StarCraft II,StarCraft,RTS,PC,true,3,,,not_verified,,,not_verified,,,not_verified,Requires individual participant parser
G019,overwatch,Overwatch,Overwatch,Hero Shooter,PC,true,3,,,not_verified,,,not_verified,,,not_verified,Keep separate from Overwatch 2
G020,overwatch2,Overwatch 2,Overwatch,Hero Shooter,PC,true,3,,,not_verified,,,not_verified,,,not_verified,Keep separate from Overwatch
G021,sf6,Street Fighter 6,Street Fighter,Fighting,Multi-platform,true,3,,,not_verified,,,not_verified,,,not_verified,Requires individual participant parser
G022,tekken8,Tekken 8,Tekken,Fighting,Multi-platform,true,3,,,not_verified,,,not_verified,,,not_verified,Requires individual participant parser