feature,importance
lag_4,0.2661241737149528
rolling_mean_4,0.1251925899813262
rolling_std_4,0.11618617531631945
lag_2,0.10025189878071401
rolling_median_4,0.09984258862815319
lag_1,0.07940767431938829
time_index,0.06380952097073687
quarter_of_year_3,0.05553050651004953
game_family_Dota 2,0.047115626847868824
quarter_of_year_4,0.01783708475185195
game_family_League of Legends,0.009597369922752797
quarter_of_year_1,0.006947952630777662
game_family_Counter-Strike,0.00630307640854086
quarter_of_year_2,0.004379130330110073
game_family_Valorant,0.001474630886457573
