game_family,quarter,period_start,split,target_policy,actual_prize_pool_usd,prediction_seasonal_naive,prediction_linear_regression,prediction_random_forest,residual_seasonal_naive,residual_linear_regression,residual_random_forest,evaluation_available,evaluation_status,protocol
Counter-Strike,2025Q1,2025-01-01,test,source,5296677.41,3740346.01,3761292.4309116625,4980006.262533636,1556331.4000000004,1535384.9790883376,316671.1474663643,True,evaluated,rolling_one_step
Dota 2,2025Q1,2025-01-01,test,source,4292000.0,4663736.6,8030409.940914222,5331258.927296193,-371736.5999999996,-3738409.940914222,-1039258.9272961933,True,evaluated,rolling_one_step
League of Legends,2025Q1,2025-01-01,test,source,1268038.9,1852987.38,1610236.0105550815,3853128.2790849274,-584948.48,-342197.1105550816,-2585089.3790849275,True,evaluated,rolling_one_step
Valorant,2025Q1,2025-01-01,test,source,529420.68,1380403.75,680014.3812627718,2346909.5004839087,-850983.07,-150593.70126277173,-1817488.8204839085,True,evaluated,rolling_one_step
Counter-Strike,2025Q2,2025-04-01,test,source,6116858.42,5821253.28,5994516.637511816,5188753.646901221,295605.13999999966,122341.78248818405,928104.7730987789,True,evaluated,rolling_one_step
Dota 2,2025Q2,2025-04-01,test,source,5300000.0,3795205.76,7825782.974760861,5196003.390372945,1504794.2400000002,-2525782.974760861,103996.609627055,True,evaluated,rolling_one_step
League of Legends,2025Q2,2025-04-01,test,source,2011163.2,2314419.65,1815342.2421145616,2489424.446951986,-303256.44999999995,195820.95788543834,-478261.2469519859,True,evaluated,rolling_one_step
Valorant,2025Q2,2025-04-01,test,source,,2611976.19,1028408.7121688563,2844416.8257859405,,,,False,target_missing_prediction_only,rolling_one_step
Counter-Strike,2025Q3,2025-07-01,test,source,4825904.63,6991614.41,8355232.156136844,5730269.558839637,-2165709.7800000003,-3529327.5261368444,-904364.928839637,True,evaluated,rolling_one_step
Dota 2,2025Q3,2025-07-01,test,source,5881466.0,9504705.2,12739355.516627721,8018411.6072891215,-3623239.1999999993,-6857889.5166277215,-2136945.6072891215,True,evaluated,rolling_one_step
League of Legends,2025Q3,2025-07-01,test,source,2000000.0,3946441.75,4440879.593544688,3182633.371892179,-1946441.75,-2440879.593544688,-1182633.371892179,True,evaluated,rolling_one_step
Valorant,2025Q3,2025-07-01,test,source,1250000.0,2386340.52,2944999.606400612,2264441.742498943,-1136340.52,-1694999.6064006118,-1014441.7424989431,True,evaluated,rolling_one_step
Counter-Strike,2025Q4,2025-10-01,test,source,656021.05,5460014.35,6486277.205221141,6243672.128936871,-4803993.3,-5830256.155221141,-5587651.078936871,True,evaluated,rolling_one_step
Dota 2,2025Q4,2025-10-01,test,source,1000000.0,5849012.0,10072220.199991021,6539534.777660278,-4849012.0,-9072220.199991021,-5539534.777660278,True,evaluated,rolling_one_step
League of Legends,2025Q4,2025-10-01,test,source,,516049.87,1826942.625610469,2247290.3372539436,,,,False,target_missing_prediction_only,rolling_one_step
Valorant,2025Q4,2025-10-01,test,source,,780969.3,1321857.7708037202,2455997.1578774946,,,,False,target_missing_prediction_only,rolling_one_step
Counter-Strike,2024Q1,2024-01-01,validation,source,3740346.01,4050195.09,4361617.148779973,5279549.6983293295,-309849.0800000001,-621271.1387799736,-1539203.6883293297,True,evaluated,rolling_one_step
Dota 2,2024Q1,2024-01-01,validation,source,4663736.6,3889830.32,8134567.09874676,5987197.113290334,773906.2799999998,-3470830.49874676,-1323460.5132903345,True,evaluated,rolling_one_step
League of Legends,2024Q1,2024-01-01,validation,source,1852987.38,2134893.19,1835612.8852191311,2338944.401441983,-281905.81000000006,17374.494780868758,-485957.02144198306,True,evaluated,rolling_one_step
Valorant,2024Q1,2024-01-01,validation,source,1380403.75,2065247.2,1608803.9424989491,3155725.4395712353,-684843.45,-228400.19249894912,-1775321.6895712353,True,evaluated,rolling_one_step
Counter-Strike,2024Q2,2024-04-01,validation,source,5821253.28,5597606.89,4822930.794758784,5289292.764402217,223646.3900000006,998322.4852412166,531960.515597783,True,evaluated,rolling_one_step
Dota 2,2024Q2,2024-04-01,validation,source,3795205.76,5446416.48,9946748.250731688,6350561.483037654,-1651210.7200000007,-6151542.490731688,-2555355.7230376545,True,evaluated,rolling_one_step
League of Legends,2024Q2,2024-04-01,validation,source,2314419.65,2655601.88,2152793.894776402,2386574.757301291,-341182.23,161625.75522359787,-72155.10730129108,True,evaluated,rolling_one_step
Valorant,2024Q2,2024-04-01,validation,source,2611976.19,2599106.13,1776552.065325752,2897533.222254838,12870.060000000056,835424.124674248,-285557.0322548379,True,evaluated,rolling_one_step
Counter-Strike,2024Q3,2024-07-01,validation,source,6991614.41,5713701.16,6629499.409184445,6056495.408279125,1277913.25,362115.00081555545,935119.0017208755,True,evaluated,rolling_one_step
Dota 2,2024Q3,2024-07-01,validation,source,9504705.2,16788532.07,16415543.795784,15186344.935927445,-7283826.870000001,-6910838.595784001,-5681639.735927446,True,evaluated,rolling_one_step
League of Legends,2024Q3,2024-07-01,validation,source,3946441.75,466577.1,3176799.5387046565,2386053.105638245,3479864.65,769642.2112953435,1560388.6443617549,True,evaluated,rolling_one_step
Valorant,2024Q3,2024-07-01,validation,source,2386340.52,2774496.83,3680621.0754167275,2516240.2330523664,-388156.31000000006,-1294280.5554167274,-129899.7130523664,True,evaluated,rolling_one_step
Counter-Strike,2024Q4,2024-10-01,validation,source,5460014.35,5756015.33,5731230.722520919,5471654.019754571,-296000.98000000045,-271216.37252091896,-11639.669754571281,True,evaluated,rolling_one_step
Dota 2,2024Q4,2024-10-01,validation,source,5849012.0,4709096.64,10378344.925270922,7074107.703505623,1139915.3600000003,-4529332.9252709225,-1225095.7035056232,True,evaluated,rolling_one_step
League of Legends,2024Q4,2024-10-01,validation,source,516049.87,2539820.16,4660789.58502675,3286363.752201867,-2023770.29,-4144739.71502675,-2770313.8822018667,True,evaluated,rolling_one_step
Valorant,2024Q4,2024-10-01,validation,source,780969.3,1462425.11,2252955.353503416,2602543.683954925,-681455.81,-1471986.0535034158,-1821574.3839549248,True,evaluated,rolling_one_step
Counter-Strike,2025Q1,2025-01-01,test,strict_quality,4096121.9,3640116.01,5001193.411657205,4722152.92037999,456005.89000000013,-905071.511657205,-626031.0203799899,True,evaluated,rolling_one_step
Dota 2,2025Q1,2025-01-01,test,strict_quality,3170000.0,4548898.0,5533070.968195066,5360589.353600005,-1378898.0,-2363070.968195066,-2190589.3536000047,True,evaluated,rolling_one_step
League of Legends,2025Q1,2025-01-01,test,strict_quality,1268038.9,1506963.22,1994273.1777382954,2059069.3869199967,-238924.32000000007,-726234.2777382955,-791030.4869199968,True,evaluated,rolling_one_step
Valorant,2025Q1,2025-01-01,test,strict_quality,529420.68,1166386.39,1962448.7372373457,1804299.6897999973,-636965.7099999998,-1433028.0572373457,-1274879.0097999973,True,evaluated,rolling_one_step
Counter-Strike,2025Q2,2025-04-01,test,strict_quality,5370780.12,5471253.28,4690154.784021305,5237771.4510799935,-100473.16000000015,680625.3359786952,133008.6689200066,True,evaluated,rolling_one_step
Dota 2,2025Q2,2025-04-01,test,strict_quality,5300000.0,3795205.76,5638853.829786563,4782852.717780002,1504794.2400000002,-338853.8297865633,517147.2822199976,True,evaluated,rolling_one_step
League of Legends,2025Q2,2025-04-01,test,strict_quality,2011163.2,1885490.15,1701996.9539319775,2006532.5101199984,125673.05000000005,309166.24606802245,4630.6898800015915,True,evaluated,rolling_one_step
Valorant,2025Q2,2025-04-01,test,strict_quality,,2511826.44,1958177.6507456414,2485619.7357200114,,,,False,target_missing_prediction_only,rolling_one_step
Counter-Strike,2025Q3,2025-07-01,test,strict_quality,4345315.98,5123955.96,5716530.806170855,5331734.919740002,-778639.9799999995,-1371214.8261708543,-986418.9397400012,True,evaluated,rolling_one_step
Dota 2,2025Q3,2025-07-01,test,strict_quality,5881466.0,4454705.2,7849913.044911586,5135530.710420007,1426760.7999999998,-1968447.0449115857,745935.2895799931,True,evaluated,rolling_one_step
League of Legends,2025Q3,2025-07-01,test,strict_quality,2000000.0,2896441.75,3316564.2391597023,1710827.9131600035,-896441.75,-1316564.2391597023,289172.0868399965,True,evaluated,rolling_one_step
Valorant,2025Q3,2025-07-01,test,strict_quality,1250000.0,2386340.52,1748274.1852646149,2238904.350159999,-1136340.52,-498274.1852646149,-988904.350159999,True,evaluated,rolling_one_step
Counter-Strike,2025Q4,2025-10-01,test,strict_quality,656021.05,5449354.35,5817149.82236138,5699319.085559974,-4793333.3,-5161128.77236138,-5043298.035559975,True,evaluated,rolling_one_step
Dota 2,2025Q4,2025-10-01,test,strict_quality,1000000.0,5849012.0,9769866.604104143,5477437.325999997,-4849012.0,-8769866.604104143,-4477437.325999997,True,evaluated,rolling_one_step
League of Legends,2025Q4,2025-10-01,test,strict_quality,,516049.87,3617807.9885453642,2073066.80918,,,,False,target_missing_prediction_only,rolling_one_step
Valorant,2025Q4,2025-10-01,test,strict_quality,,662969.3,2282652.296390154,2191553.391079998,,,,False,target_missing_prediction_only,rolling_one_step
Counter-Strike,2024Q1,2024-01-01,validation,strict_quality,3640116.01,3958004.81,5729029.177657865,5145912.895759981,-317888.8000000003,-2088913.1676578652,-1505796.8857599813,True,evaluated,rolling_one_step
Dota 2,2024Q1,2024-01-01,validation,strict_quality,4548898.0,3369930.32,8653103.550747793,4186709.2495199963,1178967.6800000002,-4104205.550747793,362188.75048000365,True,evaluated,rolling_one_step
League of Legends,2024Q1,2024-01-01,validation,strict_quality,1506963.22,1765395.39,3393166.8503353437,1760216.8715199968,-258432.16999999993,-1886203.6303353438,-253253.6515199968,True,evaluated,rolling_one_step
Valorant,2024Q1,2024-01-01,validation,strict_quality,1166386.39,1960880.2,2115808.684336733,3202373.229320001,-794493.81,-949422.2943367332,-2035986.839320001,True,evaluated,rolling_one_step
Counter-Strike,2024Q2,2024-04-01,validation,strict_quality,5471253.28,5390401.7,6301385.628023952,4576786.299499999,80851.58000000007,-830132.348023952,894466.9805000015,True,evaluated,rolling_one_step
Dota 2,2024Q2,2024-04-01,validation,strict_quality,3795205.76,5156416.48,10119521.962984767,5505355.459340002,-1361210.7200000007,-6324316.202984767,-1710149.6993400026,True,evaluated,rolling_one_step
League of Legends,2024Q2,2024-04-01,validation,strict_quality,1885490.15,2066416.81,3305535.215923229,2184808.2674399973,-180926.66000000015,-1420045.0659232293,-299318.1174399974,True,evaluated,rolling_one_step
Valorant,2024Q2,2024-04-01,validation,strict_quality,2511826.44,2437686.13,1852562.5957483794,2958652.8090600003,74140.31000000006,659263.8442516206,-446826.3690600004,True,evaluated,rolling_one_step
Counter-Strike,2024Q3,2024-07-01,validation,strict_quality,5123955.96,5599701.16,7583860.9310362935,4862613.987739994,-475745.2000000002,-2459904.9710362935,261341.97226000577,True,evaluated,rolling_one_step
Dota 2,2024Q3,2024-07-01,validation,strict_quality,4454705.2,1667532.07,10078022.173920501,6307232.741500006,2787173.13,-5623316.973920501,-1852527.5415000059,True,evaluated,rolling_one_step
League of Legends,2024Q3,2024-07-01,validation,strict_quality,2896441.75,304536.6,3977744.4700163654,2684821.511259999,2591905.15,-1081302.7200163654,211620.23874000087,True,evaluated,rolling_one_step
Valorant,2024Q3,2024-07-01,validation,strict_quality,2386340.52,2733126.8,3310275.8533622622,2473189.1085599964,-346786.2799999998,-923935.3333622622,-86848.58855999634,True,evaluated,rolling_one_step
Counter-Strike,2024Q4,2024-10-01,validation,strict_quality,5449354.35,5689288.83,7781953.6451141,5466542.0030199755,-239934.48000000045,-2332599.2951141,-17187.65301997587,True,evaluated,rolling_one_step
Dota 2,2024Q4,2024-10-01,validation,strict_quality,5849012.0,4709096.64,8408109.161181519,6739559.239499982,1139915.3600000003,-2559097.161181519,-890547.2394999824,True,evaluated,rolling_one_step
League of Legends,2024Q4,2024-10-01,validation,strict_quality,516049.87,2532120.16,3975419.971834331,1984311.342500011,-2016070.29,-3459370.1018343307,-1468261.4725000109,True,evaluated,rolling_one_step
Valorant,2024Q4,2024-10-01,validation,strict_quality,662969.3,1331660.84,3580299.822743037,3367794.7972399867,-668691.54,-2917330.522743037,-2704825.4972399864,True,evaluated,rolling_one_step
