split,game_family,total_periods,source_observed_periods,missing_source_periods,source_prize_pool_usd,strict_prize_pool_usd,strict_share_of_source_pct
train,Counter-Strike,48,48,0,169663947.76999998,154538801.14,91.08523240865291
train,Dota 2,48,48,0,340283803.95000005,228543642.99,67.16265668159197
train,League of Legends,48,48,0,107468370.11,88740261.9,82.57337652852583
train,Valorant,15,15,0,25672003.589999996,23412689.93,91.19930919267998
train,Overall,159,159,0,643088125.4200001,495235395.96000004,77.00894735640817
validation,Counter-Strike,4,4,0,22013228.049999997,19684679.6,89.42204912105113
validation,Dota 2,4,4,0,23812659.56,18647820.96,78.31053441558547
validation,League of Legends,4,4,0,8629898.649999999,6804944.99,78.85312755092438
validation,Valorant,4,4,0,7159689.76,6727522.649999999,93.96388496587595
validation,Overall,16,16,0,61615476.019999996,51864968.2,84.17522926085154
test,Counter-Strike,4,4,0,16895461.51,14468239.05,85.63387890550732
test,Dota 2,4,4,0,16473466.0,15351466.0,93.18904716226689
test,League of Legends,4,3,1,5279202.1,5279202.1,100.0
test,Valorant,4,2,2,1779420.6800000002,1779420.6800000002,100.00000000000001
test,Overall,16,13,3,40427550.29,36878327.83,91.22078277179727
