feature,coefficient,absolute_coefficient
rolling_mean_4,5260889.717119428,5260889.717119428
rolling_std_4,-4630311.141366829,4630311.141366829
game_family_Dota 2,4046727.6119852867,4046727.6119852867
lag_4,2603645.498670266,2603645.498670266
quarter_of_year_3,1909471.006278286,1909471.006278286
rolling_median_4,-1789111.3782579633,1789111.3782579633
quarter_of_year_4,867169.762725993,867169.762725993
game_family_Valorant,-722147.7585302044,722147.7585302044
lag_1,-509442.3840475361,509442.3840475361
game_family_League of Legends,185997.47688486642,185997.47688486642
lag_2,-147557.4316239435,147557.4316239435
time_index,99719.06093429652,99719.06093429652
quarter_of_year_2,-12232.842753936206,12232.842753936206
